insert into api_keys values(0, sha1('184fa1a0-9e75-4b5a-b9f0-604f6d643daf'));

-- Roller och behörigheter
INSERT INTO roles (`role_id`, `role_name`) VALUES(1,'ADMIN');
INSERT INTO roles (`role_id`, `role_name`) VALUES(2, 'USER');
INSERT INTO roles (`role_id`, `role_name`) VALUES(3, 'SUPERUSER');
INSERT INTO roles (`role_id`, `role_name`) VALUES(4,'COMPETITOR');
INSERT INTO roles (`role_id`, `role_name`) VALUES( 5,'DEVELOPER');
INSERT INTO roles (`role_id`, `role_name`) VALUES( 6,'VOLONTEER');


INSERT INTO `permission_type`(`type_id`, `type_desc`, `type`) VALUES (1,'Read permission','READ');
INSERT INTO `permission_type`(`type_id`, `type_desc`, `type`) VALUES (2,'Write permission','WRITE');
INSERT INTO `permission_type`(`type_id`, `type_desc`, `type`) VALUES (3,'Update permission','UPDATE');

INSERT INTO permissions (perm_id, perm_desc,type_id) VALUES
( 1, 'USER',1),
( 2, 'USER',2),
( 3, 'USER',3),
( 4, 'Delete users',2),
(5, 'READCONTROLS',1),
(6, 'UPDATE',2),
(7, 'CREATE',2),
(8, 'DELETE',2),
(9, 'READ',1),
( 10, 'SITE',1),
( 11, 'SITE',2),
( 12, 'SITE',3),
( 13, 'TRACK',1),
( 14, 'TRACK',2),
( 15, 'TRACK',3),
( 16, 'EVENT',1),
( 17, 'EVENT',2),
( 18, 'EVENT',3),
( 19, 'CHECKPOINT',1),
( 20, 'CHECKPOINT',2),
( 21, 'CHECKPOINT',3);


INSERT INTO roles_permissions (role_id, perm_mod, perm_id) VALUES
(1, 'ADMIN', 1),
(1, 'ADMIN', 2),
(1, 'ADMIN', 3),
(1, 'ADMIN', 4),
(1, 'ADMIN', 10),
(1, 'ADMIN', 11),
(1, 'ADMIN', 12),
(1, 'ADMIN', 13),
(1, 'ADMIN', 14),
(1, 'ADMIN', 15),
(1, 'ADMIN', 16),
(1, 'ADMIN', 17),
(1, 'ADMIN', 18),
(2, 'USER', 1),
( 2, 'SITE',10),
( 2, 'TRACK',13),
( 2, 'EVENT',17),
( 2, 'CHECKPOINT',1),
(4, 'COMPETITORS', 19);



-- Användare
INSERT INTO `users` (`user_uid`, `user_name`, `given_name`, `family_name`, `password`) VALUES
('82fbb2ec-d998-4b8a-861f-46f2b0fdbc4e', 'admin@admin', 'Admin', 'Administratör',  sha1('admin')),
('ac6543a6-df1e-4c5b-95a1-565a00676603', 'volonteer@volonteer', 'Anders', 'Volontär',  sha1('volonteer')),
('e3b78c98-ffe5-4877-8491-258413c772e9', 'user@user', 'Jonas', 'Användare',  sha1('user'));

INSERT INTO `user_info`(`uid`, `user_uid`, `email`, `phone`) VALUES ('5e125776-2005-43a7-b58a-a1fc960ce9f4','82fbb2ec-d998-4b8a-861f-46f2b0fdbc4e','admin@administrator.se','0703105900');

-- Lägg till lite behörigheter
-- Admin + superuser
INSERT INTO user_role(role_id, user_uid) VALUES (1,'82fbb2ec-d998-4b8a-861f-46f2b0fdbc4e');
INSERT INTO user_role(role_id, user_uid) VALUES (3,'82fbb2ec-d998-4b8a-861f-46f2b0fdbc4e');
-- Volontär
INSERT INTO user_role(role_id, user_uid) VALUES (6,'ac6543a6-df1e-4c5b-95a1-565a00676603');
-- Vanlig användare
INSERT INTO user_role(role_id, user_uid) VALUES (2,'e3b78c98-ffe5-4877-8491-258413c772e9');
-- Cyklist
INSERT INTO user_role(role_id, user_uid) VALUES (2,'e3b78c98-ffe5-4877-8491-258413c772e9');

-- Cyklister
INSERT INTO competitors(competitor_uid, user_name, given_name, family_name, role_id,password, birthdate, gender) VALUES ('2922a6e9-9e32-4832-9575-b3d2eb3011b9','100','Pelle','Cyklist',4,sha1('test'), DATE('1973-06-15'),2);
INSERT INTO competitors(competitor_uid, user_name ,given_name, family_name,role_id,password,birthdate,gender) VALUES ('68f06a8c-8f08-45cc-8d20-d5e37ce658ba','200','Johan','Randonnéer',4,sha1('test1'),  DATE('1980-08-15'),2);
INSERT INTO competitors(competitor_uid, user_name ,given_name, family_name,role_id,password, birthdate,gender) VALUES ('593edcab-5dcb-4916-829d-08ac536770ad','300','Kalle','Super Randonneur',4, sha1('test2'),DATE('1990-03-04'),2);

INSERT INTO `competitor_info`(`uid`, `competitor_uid`, `email`, `phone`, `adress`, `postal_code`, `place`, `country`, country_id) VALUES ('31a852b0-23ec-4689-b4cf-0c970f9b90fd','2922a6e9-9e32-4832-9575-b3d2eb3011b9','democyklist@test.se','0703158465','cyklistgatan 15', '90100' ,'cykelby', 'Sweden',145);

-- Utkast bygga banor
-- Sites text Brännäset
INSERT INTO site(site_uid, place,  adress, description, lat, lng , location) VALUES ('8a13602-83dc-447d-a85f-13b943e23a42','Umeå','Broparken 1','Startplats',20.3128832, 63.7042688,'');
INSERT INTO site(site_uid, place,  adress, description, lat, lng , location) VALUES ('47e2e397-872a-49f9-8f5b-069d09f5855c','Brännäset','Brännsäset 1','Kontroll vid havet',null, null,'');
INSERT INTO site(site_uid, place,  adress, description, lat, lng , location) VALUES ('e53d8d51-c5e1-4d25-a8d3-afe0646c1f13','Rödtjarn','','',null, null,'');
INSERT INTO site(site_uid, place,  adress, description, lat, lng , location) VALUES ('e8a2df8a-7c0c-48f3-be9e-432d97e418ef','Circle K','Normaling','Matkontroll med vc',null, null,'');
-- Olika event som pågår över tid
INSERT INTO `event`(`event_uid`, `title`, `start_date`, `end_date`, `active`, `canceled`, `completed`, `description`) VALUES ('f6bdbba8-960d-472b-8864-cda48a07eeac','Brm series 2022',STR_TO_DATE("01-05-22","%d-%m-%y"),STR_TO_DATE("01-09-22","%d-%m-%y"),false,false,true,'Brm serien 2022');
INSERT INTO `event`(`event_uid`, `title`, `start_date`, `end_date`, `active`, `canceled`, `completed`, `description`) VALUES ('ae5c2acd-8042-480b-b937-f3f416d7aeaa','Västerbottenbrevet 2022',STR_TO_DATE("07-08-22","%d-%m-%y"),STR_TO_DATE("07-08-22","%d-%m-%y"),false,false,true,'Brevet 2022');
INSERT INTO `event`(`event_uid`, `title`, `start_date`, `end_date`, `active`, `canceled`, `completed`, `description`) VALUES ('2d1767dc-f768-419b-8cdd-01fdfdbc44e4','Västerbottenbrevet 2023',STR_TO_DATE("07-08-23","%d-%m-%y"),STR_TO_DATE("07-08-23","%d-%m-%y"),false,false,false,'Brevet 2023');
INSERT INTO `event`(`event_uid`, `title`, `start_date`, `end_date`, `active`, `canceled`, `completed`, `description`) VALUES ('62c332d2-72c8-407c-b71c-ca2541d72577','Månskensbrevet 2022',STR_TO_DATE("18-09-22","%d-%m-%y"),STR_TO_DATE("18-09-22","%d-%m-%y"),false,false,true,'Kvällscykling i fullmåne');

INSERT INTO `event`(`event_uid`, `title`, `start_date`, `end_date`, `active`, `canceled`, `completed`, `description`) VALUES ('dc03677a-51eb-4269-bce1-b7a6a15dd7b3','Testbana för skapa deltagare',STR_TO_DATE("07-08-23","%d-%m-%y"),STR_TO_DATE("07-08-23","%d-%m-%y"),false,false,false,'TEST skapa deltagare');

-- Banor som ingår i ett event
-- BRM
INSERT INTO `track`(`track_uid`, `title`, `link`, `event_uid`, `description`, `distance`,start_date_time, active) VALUES ('8a5a0649-6aee-4b64-803e-4f083f746d2d','BRM200K','http://www.banan.strava.com','f6bdbba8-960d-472b-8864-cda48a07eeac','200 k ....',200.3,STR_TO_DATE("07-07-23","%d-%m-%y"), true);
INSERT INTO `track`(`track_uid`, `title`, `link`, `event_uid`, `description`, `distance`, start_date_time, active) VALUES ('0c9648fd-1664-4526-aaa4-059a01fc079c','BRM300K','http://www.banan.strava.com','f6bdbba8-960d-472b-8864-cda48a07eeac','300 k ....',300.3, STR_TO_DATE("07-05-23","%d-%m-%y"), true);
INSERT INTO `track`(`track_uid`, `title`, `link`, `event_uid`, `description`, `distance`,start_date_time, active ) VALUES ('8862bd72-f5af-45f5-a377-337f26cbd195','BRM400K','http://www.banan.strava.com','f6bdbba8-960d-472b-8864-cda48a07eeac','400 k ....',400.3, STR_TO_DATE("07-05-24","%d-%m-%y"), true);
INSERT INTO `track`(`track_uid`, `title`, `link`, `event_uid`, `description`, `distance`,start_date_time, active) VALUES ('06ba3113-d95b-48c9-b0f9-f25bda5dad31','BRM600K','http://www.banan.strava.com','f6bdbba8-960d-472b-8864-cda48a07eeac','600 k ....',600.3, STR_TO_DATE("07-09-24","%d-%m-%y"), true);



-- Månskensbrev
INSERT INTO `track`(`track_uid`, `title`, `link`, `event_uid`, `description`, `distance`,start_date_time, active) VALUES ('bf31d141-32c3-4cc9-b497-36d82b060221','Månskensbrevet','http://www.banan.strava.com','62c332d2-72c8-407c-b71c-ca2541d72577','Månstensbrevet k ....',86.3, DATE('2024-09-04'), true);

INSERT INTO `track`(`track_uid`, `title`, `link`, `event_uid`, `description`, `distance`,start_date_time, active) VALUES ('c9dd3c38-6860-4a0d-bfed-eebff6b8b8a1','BRM 200K Kramfors','http://www.banan.strava.com','dc03677a-51eb-4269-bce1-b7a6a15dd7b3','BRM 200k ....',86.3, DATE('2024-09-04'), true);



-- Koppling mellan banor och event
-- Här BRM banor
INSERT INTO `event_tracks`(`track_uid`, `event_uid`) VALUES ('8a5a0649-6aee-4b64-803e-4f083f746d2d','f6bdbba8-960d-472b-8864-cda48a07eeac');
INSERT INTO `event_tracks`(`track_uid`, `event_uid`) VALUES ('0c9648fd-1664-4526-aaa4-059a01fc079c','f6bdbba8-960d-472b-8864-cda48a07eeac');
INSERT INTO `event_tracks`(`track_uid`, `event_uid`) VALUES ('8862bd72-f5af-45f5-a377-337f26cbd195','f6bdbba8-960d-472b-8864-cda48a07eeac');
INSERT INTO `event_tracks`(`track_uid`, `event_uid`) VALUES ('06ba3113-d95b-48c9-b0f9-f25bda5dad31','f6bdbba8-960d-472b-8864-cda48a07eeac');
-- TESTBANA skapa deltagare
INSERT INTO `event_tracks`(`track_uid`, `event_uid`) VALUES ('c9dd3c38-6860-4a0d-bfed-eebff6b8b8a1','dc03677a-51eb-4269-bce1-b7a6a15dd7b3');


-- Månskensbrev kopplad till banor
INSERT INTO `event_tracks`(`track_uid`, `event_uid`) VALUES ('bf31d141-32c3-4cc9-b497-36d82b060221','62c332d2-72c8-407c-b71c-ca2541d72577');

-- Kontroller kopplade till en plats
-- En kontroll brännäset
INSERT INTO `checkpoint`(`checkpoint_uid`, `site_uid`, `title`, `description`, `distance`, `opens`, `closing`) VALUES ('63e8f1de-22ad-416d-b181-4a1a004a2959','47e2e397-872a-49f9-8f5b-069d09f5855c','Test 1','DEMO',33, TIME("2021-06-15 09:00:00"),("2021-06-15 10:00:00"));
-- En kontroll rödtjärn
INSERT INTO `checkpoint`(`checkpoint_uid`, `site_uid`, `title`, `description`, `distance`, `opens`, `closing`) VALUES ('6b86551e-e9b6-46f1-b411-3196e0f0f4e3','e53d8d51-c5e1-4d25-a8d3-afe0646c1f13','Test 2','DEMO',60, TIME("2021-06-15 11:00:00"),TIME("2021-06-15 12:30:00"));
-- Mål broparken
INSERT INTO `checkpoint`(`checkpoint_uid`, `site_uid`, `title`, `description`, `distance`, `opens`, `closing`) VALUES ('c0a8e4a4-a37a-4e9d-b59e-112519b4abc0','8a13602-83dc-447d-a85f-13b943e23a42','Test 3','DEMO',86, TIME("2021-06-15 08:00:00"),TIME("2021-06-15 09:00:00"));


-- Testbana skapa deltagare. OBS ÄNDRA site SEN
INSERT INTO `checkpoint`(`checkpoint_uid`, `site_uid`, `title`, `description`, `distance`, `opens`, `closing`) VALUES ('6af9f3c5-d9c4-4bb0-959b-8d3700a1bf85','47e2e397-872a-49f9-8f5b-069d09f5855c','Test 1','DEMO',33, TIME("2021-06-15 09:00:00"),("2021-06-15 10:00:00"));
-- En kontroll rödtjärn
INSERT INTO `checkpoint`(`checkpoint_uid`, `site_uid`, `title`, `description`, `distance`, `opens`, `closing`) VALUES ('614e66c9-9d83-4144-b7f8-4effd01386f9','e53d8d51-c5e1-4d25-a8d3-afe0646c1f13','Test 2','DEMO',60, TIME("2021-06-15 11:00:00"),TIME("2021-06-15 12:30:00"));
-- Mål broparken
INSERT INTO `checkpoint`(`checkpoint_uid`, `site_uid`, `title`, `description`, `distance`, `opens`, `closing`) VALUES ('b340120e-f031-4040-bc86-4145fb74cd29 ','8a13602-83dc-447d-a85f-13b943e23a42','Test 3','DEMO',86, TIME("2021-06-15 08:00:00"),TIME("2021-06-15 09:00:00"));


-- Koppling bana till  kontroll/er
INSERT INTO `track_checkpoint`(`track_uid`, `checkpoint_uid`) VALUES ('bf31d141-32c3-4cc9-b497-36d82b060221','63e8f1de-22ad-416d-b181-4a1a004a2959');
INSERT INTO `track_checkpoint`(`track_uid`, `checkpoint_uid`) VALUES ('bf31d141-32c3-4cc9-b497-36d82b060221','6b86551e-e9b6-46f1-b411-3196e0f0f4e3');
INSERT INTO `track_checkpoint`(`track_uid`, `checkpoint_uid`) VALUES ('bf31d141-32c3-4cc9-b497-36d82b060221','c0a8e4a4-a37a-4e9d-b59e-112519b4abc0');

-- Koppling testbana
INSERT INTO `track_checkpoint`(`track_uid`, `checkpoint_uid`) VALUES ('c9dd3c38-6860-4a0d-bfed-eebff6b8b8a1','6af9f3c5-d9c4-4bb0-959b-8d3700a1bf85');
INSERT INTO `track_checkpoint`(`track_uid`, `checkpoint_uid`) VALUES ('c9dd3c38-6860-4a0d-bfed-eebff6b8b8a1','614e66c9-9d83-4144-b7f8-4effd01386f9');
INSERT INTO `track_checkpoint`(`track_uid`, `checkpoint_uid`) VALUES ('c9dd3c38-6860-4a0d-bfed-eebff6b8b8a1','b340120e-f031-4040-bc86-4145fb74cd29 ');

-- Deltagare på en viss bana
-- BRM200
INSERT INTO `participant`(`participant_uid`, `track_uid`, `competitor_uid`, `startnumber`, `finished`, `acpkod`, `club_uid`, `time`, `dns`, `dnf`, `register_date_time`, `dns_timestamp`, `dnf_timestamp`, `finished_timestamp`) VALUES ('b3f68992-c5c7-4c31-bad5-78a93b53f28f','8a5a0649-6aee-4b64-803e-4f083f746d2d','2922a6e9-9e32-4832-9575-b3d2eb3011b9',1018,false,113072,'e990365b-00a8-4615-a648-c7b6797ce13a',null,false,false, CURRENT_TIMESTAMP(), NULL, NULL, NULL);
INSERT INTO `participant`(`participant_uid`, `track_uid`, `competitor_uid`, `startnumber`, `finished`, `acpkod`, `club_uid`, `time`, `dns`, `dnf`, `register_date_time`, `dns_timestamp`, `dnf_timestamp`, `finished_timestamp`) VALUES ('162b49ea-1e8c-4047-8fd6-e4d96920a054','8a5a0649-6aee-4b64-803e-4f083f746d2d','593edcab-5dcb-4916-829d-08ac536770ad',2018,false,'113036','31f10de0-33c4-49da-a8fe-4cc2354604bc',null,false,false, CURRENT_TIMESTAMP(), NULL, NULL, NULL);
-- BRM300
INSERT INTO `participant`(`participant_uid`, `track_uid`, `competitor_uid`, `startnumber`, `finished`, `acpkod`, `club_uid`, `time`, `dns`, `dnf`, `register_date_time`, `dns_timestamp`, `dnf_timestamp`, `finished_timestamp`) VALUES ('e6957ddc-f9fd-444f-861f-f0f22cc363b1','0c9648fd-1664-4526-aaa4-059a01fc079c','593edcab-5dcb-4916-829d-08ac536770ad',2018,false,'113036','427b5419-ebad-4a31-bd84-ed26718a32be',null,false,false,CURRENT_TIMESTAMP(), NULL, NULL, NULL);
-- Månskensbrevet
INSERT INTO `participant`(`participant_uid`, `track_uid`, `competitor_uid`, `startnumber`, `finished`, `acpkod`, `club_uid`, `time`, `dns`, `dnf`, `register_date_time`, `dns_timestamp`, `dnf_timestamp`, `finished_timestamp`) VALUES ('e8f9557e-4b96-41a0-b6c7-be6c45d81259','bf31d141-32c3-4cc9-b497-36d82b060221','2922a6e9-9e32-4832-9575-b3d2eb3011b9',1020,false,113072,'be80dc3b-3ff7-414f-ad7f-41db57e90221',null,false,false, CURRENT_TIMESTAMP(), NULL, NULL, NULL);

-- Koppla till kontroll
-- BRM200
INSERT INTO `participant_checkpoint`(`participant_uid`, `checkpoint_uid`, `passed`, `passeded_date_time` , `volonteer_checkin`,lat, lng ) VALUES ('b3f68992-c5c7-4c31-bad5-78a93b53f28f','63e8f1de-22ad-416d-b181-4a1a004a2959',false,null,false,null, null);
INSERT INTO `participant_checkpoint`(`participant_uid`, `checkpoint_uid`, `passed`, `passeded_date_time` ,`volonteer_checkin`,lat, lng) VALUES ('162b49ea-1e8c-4047-8fd6-e4d96920a054','63e8f1de-22ad-416d-b181-4a1a004a2959',false,null, false,null, null);
-- BRM300
INSERT INTO `participant_checkpoint`(`participant_uid`, `checkpoint_uid`, `passed`, `passeded_date_time`,`volonteer_checkin`,lat, lng) VALUES ('e6957ddc-f9fd-444f-861f-f0f22cc363b1','6b86551e-e9b6-46f1-b411-3196e0f0f4e3',false,null,false,null, null);
-- Månskensbrev
INSERT INTO `participant_checkpoint`(`participant_uid`, `checkpoint_uid`, `passed`, `passeded_date_time`,`volonteer_checkin`,lat, lng) VALUES ('e8f9557e-4b96-41a0-b6c7-be6c45d81259','63e8f1de-22ad-416d-b181-4a1a004a2959',false,null,false,null, null);
INSERT INTO `participant_checkpoint`(`participant_uid`, `checkpoint_uid`, `passed`, `passeded_date_time`,`volonteer_checkin`,lat, lng) VALUES ('e8f9557e-4b96-41a0-b6c7-be6c45d81259','6b86551e-e9b6-46f1-b411-3196e0f0f4e3',false,null,false,null, null);
INSERT INTO `participant_checkpoint`(`participant_uid`, `checkpoint_uid`, `passed`, `passeded_date_time`,`volonteer_checkin`,lat, lng) VALUES ('e8f9557e-4b96-41a0-b6c7-be6c45d81259','c0a8e4a4-a37a-4e9d-b59e-112519b4abc0',false,null,false,null, null);

-- Additional participant checkpoints for new participants
-- Västerbottenbrevet 300K participants
INSERT INTO `participant_checkpoint`(`participant_uid`, `checkpoint_uid`, `passed`, `passeded_date_time`, `volonteer_checkin`, lat, lng) VALUES 
('a1b2c3d4-e5f6-7890-abcd-ef1234567890','a1b2c3d4-e5f6-7890-abcd-ef1234567890',true,'2024-08-07 09:30:00',true,20.3128832, 64.7042688),
('a1b2c3d4-e5f6-7890-abcd-ef1234567890','b2c3d4e5-f6g7-8901-bcde-f23456789012',true,'2024-08-07 12:15:00',true,20.3128832, 65.7042688),
('a1b2c3d4-e5f6-7890-abcd-ef1234567890','c3d4e5f6-g7h8-9012-cdef-345678901234',true,'2024-08-07 15:45:00',true,20.3128832, 66.7042688),

('d4e5f6g7-h8i9-0123-defg-456789012345','a1b2c3d4-e5f6-7890-abcd-ef1234567890',true,'2024-08-07 10:00:00',true,20.3128832, 64.7042688),
('d4e5f6g7-h8i9-0123-defg-456789012345','b2c3d4e5-f6g7-8901-bcde-f23456789012',true,'2024-08-07 13:00:00',true,20.3128832, 65.7042688),
('d4e5f6g7-h8i9-0123-defg-456789012345','c3d4e5f6-g7h8-9012-cdef-345678901234',true,'2024-08-07 16:30:00',true,20.3128832, 66.7042688),

('e5f6g7h8-i9j0-1234-efgh-567890123456','a1b2c3d4-e5f6-7890-abcd-ef1234567890',true,'2024-08-07 09:45:00',true,20.3128832, 64.7042688),
('e5f6g7h8-i9j0-1234-efgh-567890123456','b2c3d4e5-f6g7-8901-bcde-f23456789012',true,'2024-08-07 12:30:00',true,20.3128832, 65.7042688),
('e5f6g7h8-i9j0-1234-efgh-567890123456','c3d4e5f6-g7h8-9012-cdef-345678901234',true,'2024-08-07 16:00:00',true,20.3128832, 66.7042688);

-- Västerbottenbrevet 600K participants
INSERT INTO `participant_checkpoint`(`participant_uid`, `checkpoint_uid`, `passed`, `passeded_date_time`, `volonteer_checkin`, lat, lng) VALUES 
('f6g7h8i9-j0k1-2345-fghi-678901234567','a1b2c3d4-e5f6-7890-abcd-ef1234567890',true,'2024-08-07 09:00:00',true,20.3128832, 64.7042688),
('f6g7h8i9-j0k1-2345-fghi-678901234567','b2c3d4e5-f6g7-8901-bcde-f23456789012',true,'2024-08-07 11:30:00',true,20.3128832, 65.7042688),
('f6g7h8i9-j0k1-2345-fghi-678901234567','c3d4e5f6-g7h8-9012-cdef-345678901234',true,'2024-08-07 14:00:00',true,20.3128832, 66.7042688),
('f6g7h8i9-j0k1-2345-fghi-678901234567','d4e5f6g7-h8i9-0123-defg-456789012345',true,'2024-08-07 16:30:00',true,20.3128832, 67.7042688),
('f6g7h8i9-j0k1-2345-fghi-678901234567','e5f6g7h8-i9j0-1234-efgh-567890123456',true,'2024-08-07 19:00:00',true,20.3128832, 68.7042688),
('f6g7h8i9-j0k1-2345-fghi-678901234567','f6g7h8i9-j0k1-2345-fghi-678901234567',true,'2024-08-07 21:30:00',true,20.3128832, 69.7042688),

('h8i9j0k1-l2m3-4567-hijk-890123456789','a1b2c3d4-e5f6-7890-abcd-ef1234567890',true,'2024-08-07 08:30:00',true,20.3128832, 64.7042688),
('h8i9j0k1-l2m3-4567-hijk-890123456789','b2c3d4e5-f6g7-8901-bcde-f23456789012',true,'2024-08-07 11:00:00',true,20.3128832, 65.7042688),
('h8i9j0k1-l2m3-4567-hijk-890123456789','c3d4e5f6-g7h8-9012-cdef-345678901234',true,'2024-08-07 13:30:00',true,20.3128832, 66.7042688),
('h8i9j0k1-l2m3-4567-hijk-890123456789','d4e5f6g7-h8i9-0123-defg-456789012345',true,'2024-08-07 16:00:00',true,20.3128832, 67.7042688),
('h8i9j0k1-l2m3-4567-hijk-890123456789','e5f6g7h8-i9j0-1234-efgh-567890123456',true,'2024-08-07 18:30:00',true,20.3128832, 68.7042688),
('h8i9j0k1-l2m3-4567-hijk-890123456789','f6g7h8i9-j0k1-2345-fghi-678901234567',true,'2024-08-07 21:00:00',true,20.3128832, 69.7042688);

-- Norrlandsbrevet 200K participants
INSERT INTO `participant_checkpoint`(`participant_uid`, `checkpoint_uid`, `passed`, `passeded_date_time`, `volonteer_checkin`, lat, lng) VALUES 
('i9j0k1l2-m3n4-5678-ijkl-901234567890','a1b2c3d4-e5f6-7890-abcd-ef1234567890',true,'2024-06-15 11:00:00',true,20.3128832, 64.7042688),
('i9j0k1l2-m3n4-5678-ijkl-901234567890','b2c3d4e5-f6g7-8901-bcde-f23456789012',true,'2024-06-15 13:30:00',true,20.3128832, 65.7042688),

('j0k1l2m3-n4o5-6789-jklm-012345678901','a1b2c3d4-e5f6-7890-abcd-ef1234567890',true,'2024-06-15 10:30:00',true,20.3128832, 64.7042688),
('j0k1l2m3-n4o5-6789-jklm-012345678901','b2c3d4e5-f6g7-8901-bcde-f23456789012',true,'2024-06-15 13:00:00',true,20.3128832, 65.7042688);

-- Sommarbrevets 150K participants
INSERT INTO `participant_checkpoint`(`participant_uid`, `checkpoint_uid`, `passed`, `passeded_date_time`, `volonteer_checkin`, lat, lng) VALUES 
('l2m3n4o5-p6q7-8901-lmno-234567890123','a1b2c3d4-e5f6-7890-abcd-ef1234567890',true,'2024-07-22 11:30:00',true,20.3128832, 64.7042688),

('m3n4o5p6-q7r8-9012-mnop-345678901234','a1b2c3d4-e5f6-7890-abcd-ef1234567890',true,'2024-07-22 12:00:00',true,20.3128832, 64.7042688);

-- Fixa inloggning
INSERT INTO `competitor_credential`(`credential_uid`, `competitor_uid`, `participant_uid`, `user_name`, `password`) VALUES ('8cdee576-1de3-454e-90f9-33d7c2c070ce','2922a6e9-9e32-4832-9575-b3d2eb3011b9','b3f68992-c5c7-4c31-bad5-78a93b53f28f','100',sha1('test'));

-- Additional competitor credentials
INSERT INTO `competitor_credential`(`credential_uid`, `competitor_uid`, `participant_uid`, `user_name`, `password`) VALUES 
('a1b2c3d4-e5f6-7890-abcd-ef1234567891','a1b2c3d4-e5f6-7890-abcd-ef1234567890','a1b2c3d4-e5f6-7890-abcd-ef1234567890','400',sha1('test3')),
('b2c3d4e5-f6g7-8901-bcde-f23456789013','b2c3d4e5-f6g7-8901-bcde-f23456789012','b2c3d4e5-f6g7-8901-bcde-f23456789012','500',sha1('test4')),
('c3d4e5f6-g7h8-9012-cdef-345678901235','c3d4e5f6-g7h8-9012-cdef-345678901234','c3d4e5f6-g7h8-9012-cdef-345678901234','600',sha1('test5')),
('d4e5f6g7-h8i9-0123-defg-456789012346','d4e5f6g7-h8i9-0123-defg-456789012345','d4e5f6g7-h8i9-0123-defg-456789012345','700',sha1('test6')),
('e5f6g7h8-i9j0-1234-efgh-567890123457','e5f6g7h8-i9j0-1234-efgh-567890123456','e5f6g7h8-i9j0-1234-efgh-567890123456','800',sha1('test7')),
('f6g7h8i9-j0k1-2345-fghi-678901234568','f6g7h8i9-j0k1-2345-fghi-678901234567','f6g7h8i9-j0k1-2345-fghi-678901234567','900',sha1('test8')),
('g7h8i9j0-k1l2-3456-ghij-789012345679','g7h8i9j0-k1l2-3456-ghij-789012345678','g7h8i9j0-k1l2-3456-ghij-789012345678','1000',sha1('test9')),
('h8i9j0k1-l2m3-4567-hijk-890123456790','h8i9j0k1-l2m3-4567-hijk-890123456789','h8i9j0k1-l2m3-4567-hijk-890123456789','1100',sha1('test10'));


-- Klubbar
insert into club (club_uid, acp_kod, title) VALUES('e990365b-00a8-4615-a648-c7b6797ce13a','SE113072', 'Cykelintresset');
insert into club (club_uid, acp_kod, title) VALUES('31f10de0-33c4-49da-a8fe-4cc2354604bc','113036', 'Gimonäs CK');
insert into club (club_uid, acp_kod, title) VALUES('427b5419-ebad-4a31-bd84-ed26718a32be','113110', 'Sävar CK');
insert into club (club_uid, acp_kod, title) VALUES('6343a43b-dc0f-4415-ac56-50f000aca4d6','113015', 'Höga kusten Cyklisterna');
insert into club (club_uid, acp_kod, title) VALUES('e26e0a36-1996-4980-b597-164470b7bdea','113107', 'CK Örnen');
insert into club (club_uid, acp_kod, title) VALUES('8f0dc40d-e91e-4cc3-ad23-86ca481e0b32','113099', 'Individuell');
insert into club (club_uid, acp_kod, title) VALUES('9547515e-6cd9-42dc-9dfa-cfae262907ee','113111', 'CK Guldkedjan');
insert into club (club_uid, acp_kod, title) VALUES('6907d03f-3257-42b2-8941-09816a979771','110108', 'She Rides C');
insert into club (club_uid, acp_kod, title) VALUES('ee3fc77d-95bf-4fec-9db6-7f8480af7550','SE113117', 'Randonneurs laponia');


INSERT INTO `countries` (`country_id`, `country_name_en`, `country_name_sv`, `country_code`, `flag_url_svg`, `flag_url_png`, `created_at`, `updated_at`) VALUES
(1, 'French Polynesia', 'Franska Polynesien', 'PF', 'https://flagcdn.com/pf.svg', 'https://flagcdn.com/w320/pf.png', '2023-09-30 08:22:34', '2024-01-06 19:23:45'),
(2, 'Saint Martin', 'Saint-Martin', 'MF', 'https://flagcdn.com/mf.svg', 'https://flagcdn.com/w320/mf.png', '2023-09-30 08:22:34', '2024-01-06 19:23:45'),
(3, 'Venezuela', 'Venezuela', 'VE', 'https://flagcdn.com/ve.svg', 'https://flagcdn.com/w320/ve.png', '2023-09-30 08:22:34', '2024-01-06 19:23:45'),
(4, 'Réunion', 'Réunion', 'RE', 'https://flagcdn.com/re.svg', 'https://flagcdn.com/w320/re.png', '2023-09-30 08:22:34', '2024-01-06 19:23:45'),
(5, 'El Salvador', 'El Salvador', 'SV', 'https://flagcdn.com/sv.svg', 'https://flagcdn.com/w320/sv.png', '2023-09-30 08:22:34', '2024-01-06 19:23:45'),
(6, 'Dominica', 'Dominica', 'DM', 'https://flagcdn.com/dm.svg', 'https://flagcdn.com/w320/dm.png', '2023-09-30 08:22:34', '2024-01-06 19:23:45'),
(7, 'Gibraltar', 'Gibraltar', 'GI', 'https://flagcdn.com/gi.svg', 'https://flagcdn.com/w320/gi.png', '2023-09-30 08:22:34', '2024-01-06 19:23:45'),
(8, 'Kenya', 'Kenya', 'KE', 'https://flagcdn.com/ke.svg', 'https://flagcdn.com/w320/ke.png', '2023-09-30 08:22:34', '2024-01-06 19:23:45'),
(9, 'Brazil', 'Brasilien', 'BR', 'https://flagcdn.com/br.svg', 'https://flagcdn.com/w320/br.png', '2023-09-30 08:22:34', '2024-01-06 19:23:45'),
(10, 'Maldives', 'Maldiverna', 'MV', 'https://flagcdn.com/mv.svg', 'https://flagcdn.com/w320/mv.png', '2023-09-30 08:22:34', '2024-01-06 19:23:45'),
(11, 'United States', 'USA', 'US', 'https://flagcdn.com/us.svg', 'https://flagcdn.com/w320/us.png', '2023-09-30 08:22:34', '2024-01-06 19:23:45'),
(12, 'Cook Islands', 'Cooköarna', 'CK', 'https://flagcdn.com/ck.svg', 'https://flagcdn.com/w320/ck.png', '2023-09-30 08:22:34', '2024-01-06 19:23:45'),
(13, 'Niue', 'Niue', 'NU', 'https://flagcdn.com/nu.svg', 'https://flagcdn.com/w320/nu.png', '2023-09-30 08:22:34', '2024-01-06 19:23:45'),
(14, 'Seychelles', 'Seychellerna', 'SC', 'https://flagcdn.com/sc.svg', 'https://flagcdn.com/w320/sc.png', '2023-09-30 08:22:34', '2024-01-06 19:23:45'),
(15, 'Central African Republic', 'Centralafrikanska republiken', 'CF', 'https://flagcdn.com/cf.svg', 'https://flagcdn.com/w320/cf.png', '2023-09-30 08:22:34', '2024-01-06 19:23:45'),
(16, 'Tokelau', 'Tokelauöarna', 'TK', 'https://flagcdn.com/tk.svg', 'https://flagcdn.com/w320/tk.png', '2023-09-30 08:22:34', '2024-01-06 19:23:45'),
(17, 'Vanuatu', 'Vanuatu', 'VU', 'https://flagcdn.com/vu.svg', 'https://flagcdn.com/w320/vu.png', '2023-09-30 08:22:34', '2024-01-06 19:23:45'),
(18, 'Gambia', 'Gambia', 'GM', 'https://flagcdn.com/gm.svg', 'https://flagcdn.com/w320/gm.png', '2023-09-30 08:22:34', '2024-01-06 19:23:45'),
(19, 'Guyana', 'Guyana', 'GY', 'https://flagcdn.com/gy.svg', 'https://flagcdn.com/w320/gy.png', '2023-09-30 08:22:34', '2024-01-06 19:23:45'),
(20, 'Falkland Islands', 'Falklandsöarna', 'FK', 'https://flagcdn.com/fk.svg', 'https://flagcdn.com/w320/fk.png', '2023-09-30 08:22:34', '2024-01-06 19:23:45'),
(21, 'Belgium', 'Belgien', 'BE', 'https://flagcdn.com/be.svg', 'https://flagcdn.com/w320/be.png', '2023-09-30 08:22:34', '2024-01-06 19:23:45'),
(22, 'Western Sahara', 'Västsahara', 'EH', 'https://flagcdn.com/eh.svg', 'https://flagcdn.com/w320/eh.png', '2023-09-30 08:22:34', '2024-01-06 19:23:45'),
(23, 'Turkey', 'Turkiet', 'TR', 'https://flagcdn.com/tr.svg', 'https://flagcdn.com/w320/tr.png', '2023-09-30 08:22:34', '2024-01-06 19:23:45'),
(24, 'Saint Vincent and the Grenadines', 'Saint Vincent och Grenadinerna', 'VC', 'https://flagcdn.com/vc.svg', 'https://flagcdn.com/w320/vc.png', '2023-09-30 08:22:34', '2024-01-06 19:23:45'),
(25, 'Pakistan', 'Pakistan', 'PK', 'https://flagcdn.com/pk.svg', 'https://flagcdn.com/w320/pk.png', '2023-09-30 08:22:34', '2024-01-06 19:23:45'),
(26, 'Åland Islands', 'Åland', 'AX', 'https://flagcdn.com/ax.svg', 'https://flagcdn.com/w320/ax.png', '2023-09-30 08:22:34', '2024-01-06 19:23:45'),
(27, 'Iran', 'Iran', 'IR', 'https://flagcdn.com/ir.svg', 'https://flagcdn.com/w320/ir.png', '2023-09-30 08:22:34', '2024-01-06 19:23:45'),
(28, 'Indonesia', 'Indonesien', 'ID', 'https://flagcdn.com/id.svg', 'https://flagcdn.com/w320/id.png', '2023-09-30 08:22:34', '2024-01-06 19:23:45'),
(29, 'New Zealand', 'Nya Zeeland', 'NZ', 'https://flagcdn.com/nz.svg', 'https://flagcdn.com/w320/nz.png', '2023-09-30 08:22:34', '2024-01-06 19:23:45'),
(30, 'Afghanistan', 'Afghanistan', 'AF', 'https://upload.wikimedia.org/wikipedia/commons/5/5c/Flag_of_the_Taliban.svg', 'https://upload.wikimedia.org/wikipedia/commons/thumb/5/5c/Flag_of_the_Taliban.svg/320px-Flag_of_the_Taliban.svg.png', '2023-09-30 08:22:34', '2024-01-06 19:23:45'),
(31, 'Guam', 'Guam', 'GU', 'https://flagcdn.com/gu.svg', 'https://flagcdn.com/w320/gu.png', '2023-09-30 08:22:34', '2024-01-06 19:23:45'),
(32, 'Albania', 'Albanien', 'AL', 'https://flagcdn.com/al.svg', 'https://flagcdn.com/w320/al.png', '2023-09-30 08:22:34', '2024-01-06 19:23:45'),
(33, 'DR Congo', 'Kongo-Kinshasa', 'CD', 'https://flagcdn.com/cd.svg', 'https://flagcdn.com/w320/cd.png', '2023-09-30 08:22:34', '2024-01-06 19:23:45'),
(34, 'Ivory Coast', 'Elfenbenskusten', 'CI', 'https://flagcdn.com/ci.svg', 'https://flagcdn.com/w320/ci.png', '2023-09-30 08:22:34', '2024-01-06 19:23:45'),
(35, 'Sudan', 'Sudan', 'SD', 'https://flagcdn.com/sd.svg', 'https://flagcdn.com/w320/sd.png', '2023-09-30 08:22:34', '2024-01-06 19:23:45'),
(36, 'Timor-Leste', 'Östtimor', 'TL', 'https://flagcdn.com/tl.svg', 'https://flagcdn.com/w320/tl.png', '2023-09-30 08:22:34', '2024-01-06 19:23:45'),
(37, 'Luxembourg', 'Luxemburg', 'LU', 'https://flagcdn.com/lu.svg', 'https://flagcdn.com/w320/lu.png', '2023-09-30 08:22:34', '2024-01-06 19:23:45'),
(38, 'Saudi Arabia', 'Saudiarabien', 'Saudi', 'https://flagcdn.com/sa.svg', 'https://flagcdn.com/w320/sa.png', '2023-09-30 08:22:34', '2024-01-06 19:23:45'),
(39, 'Cambodia', 'Kambodja', 'KH', 'https://flagcdn.com/kh.svg', 'https://flagcdn.com/w320/kh.png', '2023-09-30 08:22:34', '2024-01-06 19:23:45'),
(40, 'Nepal', 'Nepal', 'NP', 'https://flagcdn.com/np.svg', 'https://flagcdn.com/w320/np.png', '2023-09-30 08:22:34', '2024-01-06 19:23:45'),
(41, 'French Guiana', 'Franska Guyana', 'GF', 'https://flagcdn.com/gf.svg', 'https://flagcdn.com/w320/gf.png', '2023-09-30 08:22:34', '2024-01-06 19:23:45'),
(42, 'Malaysia', 'Malaysia', 'MY', 'https://flagcdn.com/my.svg', 'https://flagcdn.com/w320/my.png', '2023-09-30 08:22:34', '2024-01-06 19:23:45'),
(43, 'Rwanda', 'Rwanda', 'RW', 'https://flagcdn.com/rw.svg', 'https://flagcdn.com/w320/rw.png', '2023-09-30 08:22:34', '2024-01-06 19:23:45'),
(44, 'Thailand', 'Thailand', 'TH', 'https://flagcdn.com/th.svg', 'https://flagcdn.com/w320/th.png', '2023-09-30 08:22:34', '2024-01-06 19:23:45'),
(45, 'Antarctica', 'Antarktis', 'AQ', 'https://flagcdn.com/aq.svg', 'https://flagcdn.com/w320/aq.png', '2023-09-30 08:22:34', '2024-01-06 19:23:45'),
(46, 'Jordan', 'Jordanien', 'JO', 'https://flagcdn.com/jo.svg', 'https://flagcdn.com/w320/jo.png', '2023-09-30 08:22:34', '2024-01-06 19:23:45'),
(47, 'Switzerland', 'Schweiz', 'CH', 'https://flagcdn.com/ch.svg', 'https://flagcdn.com/w320/ch.png', '2023-09-30 08:22:34', '2024-01-06 19:23:45'),
(48, 'Comoros', 'Komorerna', 'KM', 'https://flagcdn.com/km.svg', 'https://flagcdn.com/w320/km.png', '2023-09-30 08:22:34', '2024-01-06 19:23:45'),
(49, 'Kosovo', 'Kosovo', 'XK', 'https://flagcdn.com/xk.svg', 'https://flagcdn.com/w320/xk.png', '2023-09-30 08:22:34', '2024-01-06 19:23:45'),
(50, 'Isle of Man', 'Isle of Man', 'IM', 'https://flagcdn.com/im.svg', 'https://flagcdn.com/w320/im.png', '2023-09-30 08:22:34', '2024-01-06 19:23:45'),
(51, 'Montenegro', 'Montenegro', 'ME', 'https://flagcdn.com/me.svg', 'https://flagcdn.com/w320/me.png', '2023-09-30 08:22:34', '2024-01-06 19:23:45'),
(52, 'Hong Kong', 'Hongkong', 'HK', 'https://flagcdn.com/hk.svg', 'https://flagcdn.com/w320/hk.png', '2023-09-30 08:22:34', '2024-01-06 19:23:45'),
(53, 'Jersey', 'Jersey', 'JE', 'https://flagcdn.com/je.svg', 'https://flagcdn.com/w320/je.png', '2023-09-30 08:22:34', '2024-01-06 19:23:45'),
(54, 'Tajikistan', 'Tadzjikistan', 'TJ', 'https://flagcdn.com/tj.svg', 'https://flagcdn.com/w320/tj.png', '2023-09-30 08:22:34', '2024-01-06 19:23:45'),
(55, 'Bulgaria', 'Bulgarien', 'BG', 'https://flagcdn.com/bg.svg', 'https://flagcdn.com/w320/bg.png', '2023-09-30 08:22:34', '2024-01-06 19:23:45'),
(56, 'Egypt', 'Egypten', 'EG', 'https://flagcdn.com/eg.svg', 'https://flagcdn.com/w320/eg.png', '2023-09-30 08:22:34', '2024-01-06 19:23:45'),
(57, 'Malawi', 'Malawi', 'MW', 'https://flagcdn.com/mw.svg', 'https://flagcdn.com/w320/mw.png', '2023-09-30 08:22:34', '2024-01-06 19:23:45'),
(58, 'Cape Verde', 'Kap Verde', 'CV', 'https://flagcdn.com/cv.svg', 'https://flagcdn.com/w320/cv.png', '2023-09-30 08:22:34', '2024-01-06 19:23:45'),
(59, 'Benin', 'Benin', 'BJ', 'https://flagcdn.com/bj.svg', 'https://flagcdn.com/w320/bj.png', '2023-09-30 08:22:34', '2024-01-06 19:23:45'),
(60, 'Morocco', 'Marocko', 'MA', 'https://flagcdn.com/ma.svg', 'https://flagcdn.com/w320/ma.png', '2023-09-30 08:22:34', '2024-01-06 19:23:45'),
(61, 'Ireland', 'Irland', 'IE', 'https://flagcdn.com/ie.svg', 'https://flagcdn.com/w320/ie.png', '2023-09-30 08:22:34', '2024-01-06 19:23:45'),
(62, 'Moldova', 'Moldavien', 'MD', 'https://flagcdn.com/md.svg', 'https://flagcdn.com/w320/md.png', '2023-09-30 08:22:34', '2024-01-06 19:23:45'),
(63, 'Denmark', 'Danmark', 'DK', 'https://flagcdn.com/dk.svg', 'https://flagcdn.com/w320/dk.png', '2023-09-30 08:22:34', '2024-01-06 19:23:45'),
(64, 'Turkmenistan', 'Turkmenistan', 'TM', 'https://flagcdn.com/tm.svg', 'https://flagcdn.com/w320/tm.png', '2023-09-30 08:22:34', '2024-01-06 19:23:45'),
(65, 'Micronesia', 'Mikronesiska federationen', 'FM', 'https://flagcdn.com/fm.svg', 'https://flagcdn.com/w320/fm.png', '2023-09-30 08:22:34', '2024-01-06 19:23:45'),
(66, 'Monaco', 'Monaco', 'MC', 'https://flagcdn.com/mc.svg', 'https://flagcdn.com/w320/mc.png', '2023-09-30 08:22:34', '2024-01-06 19:23:45'),
(67, 'Barbados', 'Barbados', 'BB', 'https://flagcdn.com/bb.svg', 'https://flagcdn.com/w320/bb.png', '2023-09-30 08:22:34', '2024-01-06 19:23:45'),
(68, 'Algeria', 'Algeriet', 'DZ', 'https://flagcdn.com/dz.svg', 'https://flagcdn.com/w320/dz.png', '2023-09-30 08:22:34', '2024-01-06 19:23:45'),
(69, 'French Southern and Antarctic Lands', 'Franska södra territorierna', 'TF', 'https://flagcdn.com/tf.svg', 'https://flagcdn.com/w320/tf.png', '2023-09-30 08:22:34', '2024-01-06 19:23:45'),
(70, 'Eritrea', 'Eritrea', 'ER', 'https://flagcdn.com/er.svg', 'https://flagcdn.com/w320/er.png', '2023-09-30 08:22:34', '2024-01-06 19:23:45'),
(71, 'Lesotho', 'Lesotho', 'LS', 'https://flagcdn.com/ls.svg', 'https://flagcdn.com/w320/ls.png', '2023-09-30 08:22:34', '2024-01-06 19:23:45'),
(72, 'Tanzania', 'Tanzania', 'TZ', 'https://flagcdn.com/tz.svg', 'https://flagcdn.com/w320/tz.png', '2023-09-30 08:22:34', '2024-01-06 19:23:45'),
(73, 'Mali', 'Mali', 'ML', 'https://flagcdn.com/ml.svg', 'https://flagcdn.com/w320/ml.png', '2023-09-30 08:22:34', '2024-01-06 19:23:45'),
(74, 'Niger', 'Niger', 'NE', 'https://flagcdn.com/ne.svg', 'https://flagcdn.com/w320/ne.png', '2023-09-30 08:22:34', '2024-01-06 19:23:45'),
(75, 'Andorra', 'Andorra', 'AD', 'https://flagcdn.com/ad.svg', 'https://flagcdn.com/w320/ad.png', '2023-09-30 08:22:34', '2024-01-06 19:23:45'),
(76, 'United Kingdom', 'Storbritannien', 'GB', 'https://flagcdn.com/gb.svg', 'https://flagcdn.com/w320/gb.png', '2023-09-30 08:22:34', '2024-01-06 19:23:45'),
(77, 'Germany', 'Tyskland', 'DE', 'https://flagcdn.com/de.svg', 'https://flagcdn.com/w320/de.png', '2023-09-30 08:22:34', '2024-01-06 19:23:45'),
(78, 'United States Virgin Islands', 'Amerikanska Jungfruöarna', 'VI', 'https://flagcdn.com/vi.svg', 'https://flagcdn.com/w320/vi.png', '2023-09-30 08:22:34', '2024-01-06 19:23:45'),
(79, 'Somalia', 'Somalia', 'SO', 'https://flagcdn.com/so.svg', 'https://flagcdn.com/w320/so.png', '2023-09-30 08:22:34', '2024-01-06 19:23:45'),
(80, 'Sint Maarten', 'Sint Maarten', 'SX', 'https://flagcdn.com/sx.svg', 'https://flagcdn.com/w320/sx.png', '2023-09-30 08:22:34', '2024-01-06 19:23:45'),
(81, 'Cameroon', 'Kamerun', 'CM', 'https://flagcdn.com/cm.svg', 'https://flagcdn.com/w320/cm.png', '2023-09-30 08:22:34', '2024-01-06 19:23:45'),
(82, 'Dominican Republic', 'Dominikanska republiken', 'DO', 'https://flagcdn.com/do.svg', 'https://flagcdn.com/w320/do.png', '2023-09-30 08:22:34', '2024-01-06 19:23:45'),
(83, 'Guinea', 'Guinea', 'GN', 'https://flagcdn.com/gn.svg', 'https://flagcdn.com/w320/gn.png', '2023-09-30 08:22:34', '2024-01-06 19:23:45'),
(84, 'Namibia', 'Namibia', 'NA', 'https://flagcdn.com/na.svg', 'https://flagcdn.com/w320/na.png', '2023-09-30 08:22:34', '2024-01-06 19:23:45'),
(85, 'Montserrat', 'Montserrat', 'MS', 'https://flagcdn.com/ms.svg', 'https://flagcdn.com/w320/ms.png', '2023-09-30 08:22:34', '2024-01-06 19:23:45'),
(86, 'South Georgia', 'Sydgeorgien', 'GS', 'https://flagcdn.com/gs.svg', 'https://flagcdn.com/w320/gs.png', '2023-09-30 08:22:34', '2024-01-06 19:23:45'),
(87, 'Senegal', 'Senegal', 'SN', 'https://flagcdn.com/sn.svg', 'https://flagcdn.com/w320/sn.png', '2023-09-30 08:22:34', '2024-01-06 19:23:45'),
(88, 'Bouvet Island', 'Bouvetön', 'BV', 'https://flagcdn.com/bv.svg', 'https://flagcdn.com/w320/bv.png', '2023-09-30 08:22:34', '2024-01-06 19:23:45'),
(89, 'Solomon Islands', 'Salomonöarna', 'SB', 'https://flagcdn.com/sb.svg', 'https://flagcdn.com/w320/sb.png', '2023-09-30 08:22:34', '2024-01-06 19:23:45'),
(90, 'France', 'Frankrike', 'FR', 'https://flagcdn.com/fr.svg', 'https://flagcdn.com/w320/fr.png', '2023-09-30 08:22:34', '2024-01-06 19:23:45'),
(91, 'Saint Helena, Ascension and Tristan da Cunha', 'Sankta Helena', 'Saint Helena', 'https://flagcdn.com/sh.svg', 'https://flagcdn.com/w320/sh.png', '2023-09-30 08:22:34', '2024-01-06 19:23:45'),
(92, 'Macau', 'Macao', 'MO', 'https://flagcdn.com/mo.svg', 'https://flagcdn.com/w320/mo.png', '2023-09-30 08:22:34', '2024-01-06 19:23:45'),
(93, 'Argentina', 'Argentina', 'AR', 'https://flagcdn.com/ar.svg', 'https://flagcdn.com/w320/ar.png', '2023-09-30 08:22:34', '2024-01-06 19:23:45'),
(94, 'Bosnia and Herzegovina', 'Bosnien och Hercegovina', 'BA', 'https://flagcdn.com/ba.svg', 'https://flagcdn.com/w320/ba.png', '2023-09-30 08:22:34', '2024-01-06 19:23:45'),
(95, 'Anguilla', 'Anguilla', 'AI', 'https://flagcdn.com/ai.svg', 'https://flagcdn.com/w320/ai.png', '2023-09-30 08:22:34', '2024-01-06 19:23:45'),
(96, 'Guernsey', 'Guernsey', 'GG', 'https://flagcdn.com/gg.svg', 'https://flagcdn.com/w320/gg.png', '2023-09-30 08:22:34', '2024-01-06 19:23:45'),
(97, 'Djibouti', 'Djibouti', 'DJ', 'https://flagcdn.com/dj.svg', 'https://flagcdn.com/w320/dj.png', '2023-09-30 08:22:34', '2024-01-06 19:23:45'),
(98, 'Saint Kitts and Nevis', 'Saint Kitts och Nevis', 'KN', 'https://flagcdn.com/kn.svg', 'https://flagcdn.com/w320/kn.png', '2023-09-30 08:22:34', '2024-01-06 19:23:45'),
(99, 'Syria', 'Syrien', 'SY', 'https://flagcdn.com/sy.svg', 'https://flagcdn.com/w320/sy.png', '2023-09-30 08:22:34', '2024-01-06 19:23:45'),
(100, 'Puerto Rico', 'Puerto Rico', 'PR', 'https://flagcdn.com/pr.svg', 'https://flagcdn.com/w320/pr.png', '2023-09-30 08:22:34', '2024-01-06 19:23:45'),
(101, 'Peru', 'Peru', 'PE', 'https://flagcdn.com/pe.svg', 'https://flagcdn.com/w320/pe.png', '2023-09-30 08:22:34', '2024-01-06 19:23:45'),
(102, 'San Marino', 'San Marino', 'SM', 'https://flagcdn.com/sm.svg', 'https://flagcdn.com/w320/sm.png', '2023-09-30 08:22:34', '2024-01-06 19:23:45'),
(103, 'Australia', 'Australien', 'AU', 'https://flagcdn.com/au.svg', 'https://flagcdn.com/w320/au.png', '2023-09-30 08:22:34', '2024-01-06 19:23:45'),
(104, 'New Caledonia', 'Nya Kaledonien', 'NC', 'https://flagcdn.com/nc.svg', 'https://flagcdn.com/w320/nc.png', '2023-09-30 08:22:34', '2024-01-06 19:23:45'),
(105, 'Jamaica', 'Jamaica', 'JM', 'https://flagcdn.com/jm.svg', 'https://flagcdn.com/w320/jm.png', '2023-09-30 08:22:34', '2024-01-06 19:23:45'),
(106, 'Kazakhstan', 'Kazakstan', 'KZ', 'https://flagcdn.com/kz.svg', 'https://flagcdn.com/w320/kz.png', '2023-09-30 08:22:34', '2024-01-06 19:23:45'),
(107, 'Sierra Leone', 'Sierra Leone', 'SL', 'https://flagcdn.com/sl.svg', 'https://flagcdn.com/w320/sl.png', '2023-09-30 08:22:34', '2024-01-06 19:23:45'),
(108, 'Palau', 'Palau', 'PW', 'https://flagcdn.com/pw.svg', 'https://flagcdn.com/w320/pw.png', '2023-09-30 08:22:34', '2024-01-06 19:23:45'),
(109, 'South Korea', 'Sydkorea', 'KR', 'https://flagcdn.com/kr.svg', 'https://flagcdn.com/w320/kr.png', '2023-09-30 08:22:34', '2024-01-06 19:23:45'),
(110, 'Saint Pierre and Miquelon', 'Saint-Pierre och Miquelon', 'PM', 'https://flagcdn.com/pm.svg', 'https://flagcdn.com/w320/pm.png', '2023-09-30 08:22:34', '2024-01-06 19:23:45'),
(111, 'Belize', 'Belize', 'BZ', 'https://flagcdn.com/bz.svg', 'https://flagcdn.com/w320/bz.png', '2023-09-30 08:22:34', '2024-01-06 19:23:45'),
(112, 'Papua New Guinea', 'Papua Nya Guinea', 'PG', 'https://flagcdn.com/pg.svg', 'https://flagcdn.com/w320/pg.png', '2023-09-30 08:22:34', '2024-01-06 19:23:45'),
(113, 'Iceland', 'Island', 'IS', 'https://flagcdn.com/is.svg', 'https://flagcdn.com/w320/is.png', '2023-09-30 08:22:34', '2024-01-06 19:23:45'),
(114, 'American Samoa', 'Amerikanska Samoa', 'AS', 'https://flagcdn.com/as.svg', 'https://flagcdn.com/w320/as.png', '2023-09-30 08:22:34', '2024-01-06 19:23:45'),
(115, 'Burkina Faso', 'Burkina Faso', 'BF', 'https://flagcdn.com/bf.svg', 'https://flagcdn.com/w320/bf.png', '2023-09-30 08:22:34', '2024-01-06 19:23:45'),
(116, 'Portugal', 'Portugal', 'PT', 'https://flagcdn.com/pt.svg', 'https://flagcdn.com/w320/pt.png', '2023-09-30 08:22:34', '2024-01-06 19:23:45'),
(117, 'Taiwan', 'Taiwan', 'TW', 'https://flagcdn.com/tw.svg', 'https://flagcdn.com/w320/tw.png', '2023-09-30 08:22:34', '2024-01-06 19:23:45'),
(118, 'Japan', 'Japan', 'JP', 'https://flagcdn.com/jp.svg', 'https://flagcdn.com/w320/jp.png', '2023-09-30 08:22:34', '2024-01-06 19:23:45'),
(119, 'China', 'Kina', 'CN', 'https://flagcdn.com/cn.svg', 'https://flagcdn.com/w320/cn.png', '2023-09-30 08:22:34', '2024-01-06 19:23:45'),
(120, 'Lebanon', 'Libanon', 'LB', 'https://flagcdn.com/lb.svg', 'https://flagcdn.com/w320/lb.png', '2023-09-30 08:22:34', '2024-01-06 19:23:45'),
(121, 'Sri Lanka', 'Sri Lanka', 'LK', 'https://flagcdn.com/lk.svg', 'https://flagcdn.com/w320/lk.png', '2023-09-30 08:22:34', '2024-01-06 19:23:45'),
(122, 'Guatemala', 'Guatemala', 'GT', 'https://flagcdn.com/gt.svg', 'https://flagcdn.com/w320/gt.png', '2023-09-30 08:22:34', '2024-01-06 19:23:45'),
(123, 'Serbia', 'Serbien', 'RS', 'https://flagcdn.com/rs.svg', 'https://flagcdn.com/w320/rs.png', '2023-09-30 08:22:34', '2024-01-06 19:23:45'),
(124, 'Madagascar', 'Madagaskar', 'MG', 'https://flagcdn.com/mg.svg', 'https://flagcdn.com/w320/mg.png', '2023-09-30 08:22:34', '2024-01-06 19:23:45'),
(125, 'Eswatini', 'Swaziland', 'SZ', 'https://flagcdn.com/sz.svg', 'https://flagcdn.com/w320/sz.png', '2023-09-30 08:22:34', '2024-01-06 19:23:45'),
(126, 'Romania', 'Rumänien', 'RO', 'https://flagcdn.com/ro.svg', 'https://flagcdn.com/w320/ro.png', '2023-09-30 08:22:34', '2024-01-06 19:23:45'),
(127, 'Antigua and Barbuda', 'Antigua och Barbuda', 'AG', 'https://flagcdn.com/ag.svg', 'https://flagcdn.com/w320/ag.png', '2023-09-30 08:22:34', '2024-01-06 19:23:45'),
(128, 'Curaçao', 'Curaçao', 'CW', 'https://flagcdn.com/cw.svg', 'https://flagcdn.com/w320/cw.png', '2023-09-30 08:22:34', '2024-01-06 19:23:45'),
(129, 'Zambia', 'Zambia', 'ZM', 'https://flagcdn.com/zm.svg', 'https://flagcdn.com/w320/zm.png', '2023-09-30 08:22:34', '2024-01-06 19:23:45'),
(130, 'Zimbabwe', 'Zimbabwe', 'ZW', 'https://flagcdn.com/zw.svg', 'https://flagcdn.com/w320/zw.png', '2023-09-30 08:22:34', '2024-01-06 19:23:45'),
(131, 'Tunisia', 'Tunisien', 'TN', 'https://flagcdn.com/tn.svg', 'https://flagcdn.com/w320/tn.png', '2023-09-30 08:22:34', '2024-01-06 19:23:45'),
(132, 'United Arab Emirates', 'Förenade Arabemiraten', 'AE', 'https://flagcdn.com/ae.svg', 'https://flagcdn.com/w320/ae.png', '2023-09-30 08:22:34', '2024-01-06 19:23:45'),
(133, 'Mongolia', 'Mongoliet', 'MN', 'https://flagcdn.com/mn.svg', 'https://flagcdn.com/w320/mn.png', '2023-09-30 08:22:34', '2024-01-06 19:23:45'),
(134, 'Norway', 'Norge', 'NO', 'https://flagcdn.com/no.svg', 'https://flagcdn.com/w320/no.png', '2023-09-30 08:22:34', '2024-01-06 19:23:45'),
(135, 'Greenland', 'Grönland', 'GL', 'https://flagcdn.com/gl.svg', 'https://flagcdn.com/w320/gl.png', '2023-09-30 08:22:34', '2024-01-06 19:23:45'),
(136, 'Uruguay', 'Uruguay', 'UY', 'https://flagcdn.com/uy.svg', 'https://flagcdn.com/w320/uy.png', '2023-09-30 08:22:34', '2024-01-06 19:23:45'),
(137, 'Bahamas', 'Bahamas', 'BS', 'https://flagcdn.com/bs.svg', 'https://flagcdn.com/w320/bs.png', '2023-09-30 08:22:34', '2024-01-06 19:23:45'),
(138, 'Russia', 'Ryssland', 'RU', 'https://flagcdn.com/ru.svg', 'https://flagcdn.com/w320/ru.png', '2023-09-30 08:22:34', '2024-01-06 19:23:45'),
(139, 'British Virgin Islands', 'Brittiska Jungfruöarna', 'VG', 'https://flagcdn.com/vg.svg', 'https://flagcdn.com/w320/vg.png', '2023-09-30 08:22:34', '2024-01-06 19:23:45'),
(140, 'Wallis and Futuna', 'Wallis- och Futunaöarna', 'WF', 'https://flagcdn.com/wf.svg', 'https://flagcdn.com/w320/wf.png', '2023-09-30 08:22:34', '2024-01-06 19:23:45'),
(141, 'Chad', 'Tchad', 'TD', 'https://flagcdn.com/td.svg', 'https://flagcdn.com/w320/td.png', '2023-09-30 08:22:34', '2024-01-06 19:23:45'),
(142, 'Saint Lucia', 'Saint Lucia', 'LC', 'https://flagcdn.com/lc.svg', 'https://flagcdn.com/w320/lc.png', '2023-09-30 08:22:34', '2024-01-06 19:23:45'),
(143, 'Yemen', 'Jemen', 'YE', 'https://flagcdn.com/ye.svg', 'https://flagcdn.com/w320/ye.png', '2023-09-30 08:22:34', '2024-01-06 19:23:45'),
(144, 'United States Minor Outlying Islands', 'Förenta staternas mindre öar i Oceanien och Västindien', 'UM', 'https://flagcdn.com/um.svg', 'https://flagcdn.com/w320/um.png', '2023-09-30 08:22:34', '2024-01-06 19:23:45'),
(145, 'Sweden', 'Sverige', 'SE', 'https://flagcdn.com/se.svg', 'https://flagcdn.com/w320/se.png', '2023-09-30 08:22:34', '2024-01-06 19:23:45'),
(146, 'Svalbard and Jan Mayen', 'Svalbard och Jan Mayen', 'SJ', 'https://flagcdn.com/sj.svg', 'https://flagcdn.com/w320/sj.png', '2023-09-30 08:22:34', '2024-01-06 19:23:45'),
(147, 'Laos', 'Laos', 'LA', 'https://flagcdn.com/la.svg', 'https://flagcdn.com/w320/la.png', '2023-09-30 08:22:34', '2024-01-06 19:23:45'),
(148, 'Latvia', 'Lettland', 'LV', 'https://flagcdn.com/lv.svg', 'https://flagcdn.com/w320/lv.png', '2023-09-30 08:22:34', '2024-01-06 19:23:45'),
(149, 'Colombia', 'Colombia', 'CO', 'https://flagcdn.com/co.svg', 'https://flagcdn.com/w320/co.png', '2023-09-30 08:22:34', '2024-01-06 19:23:45'),
(150, 'Grenada', 'Grenada', 'GD', 'https://flagcdn.com/gd.svg', 'https://flagcdn.com/w320/gd.png', '2023-09-30 08:22:34', '2024-01-06 19:23:45'),
(151, 'Saint Barthélemy', 'Saint-Barthélemy', 'BL', 'https://flagcdn.com/bl.svg', 'https://flagcdn.com/w320/bl.png', '2023-09-30 08:22:34', '2024-01-06 19:23:45'),
(152, 'Canada', 'Kanada', 'CA', 'https://flagcdn.com/ca.svg', 'https://flagcdn.com/w320/ca.png', '2023-09-30 08:22:34', '2024-01-06 19:23:45'),
(153, 'Heard Island and McDonald Islands', 'Heard- och McDonaldöarna', 'HM', 'https://flagcdn.com/hm.svg', 'https://flagcdn.com/w320/hm.png', '2023-09-30 08:22:34', '2024-01-06 19:23:45'),
(154, 'India', 'Indien', 'IN', 'https://flagcdn.com/in.svg', 'https://flagcdn.com/w320/in.png', '2023-09-30 08:22:34', '2024-01-06 19:23:45'),
(155, 'Guinea-Bissau', 'Guinea-Bissau', 'GW', 'https://flagcdn.com/gw.svg', 'https://flagcdn.com/w320/gw.png', '2023-09-30 08:22:34', '2024-01-06 19:23:45'),
(156, 'North Macedonia', 'Nordmakedonien', 'MK', 'https://flagcdn.com/mk.svg', 'https://flagcdn.com/w320/mk.png', '2023-09-30 08:22:34', '2024-01-06 19:23:45'),
(157, 'Paraguay', 'Paraguay', 'PY', 'https://flagcdn.com/py.svg', 'https://flagcdn.com/w320/py.png', '2023-09-30 08:22:34', '2024-01-06 19:23:45'),
(158, 'Croatia', 'Kroatien', 'HR', 'https://flagcdn.com/hr.svg', 'https://flagcdn.com/w320/hr.png', '2023-09-30 08:22:34', '2024-01-06 19:23:45'),
(159, 'Costa Rica', 'Costa Rica', 'CR', 'https://flagcdn.com/cr.svg', 'https://flagcdn.com/w320/cr.png', '2023-09-30 08:22:34', '2024-01-06 19:23:45'),
(160, 'Uganda', 'Uganda', 'UG', 'https://flagcdn.com/ug.svg', 'https://flagcdn.com/w320/ug.png', '2023-09-30 08:22:34', '2024-01-06 19:23:45'),
(161, 'Caribbean Netherlands', 'Karibiska Nederländerna', 'BES islands', 'https://flagcdn.com/bq.svg', 'https://flagcdn.com/w320/bq.png', '2023-09-30 08:22:34', '2024-01-06 19:23:45'),
(162, 'Bolivia', 'Bolivia', 'BO', 'https://flagcdn.com/bo.svg', 'https://flagcdn.com/w320/bo.png', '2023-09-30 08:22:34', '2024-01-06 19:23:45'),
(163, 'Togo', 'Togo', 'TG', 'https://flagcdn.com/tg.svg', 'https://flagcdn.com/w320/tg.png', '2023-09-30 08:22:34', '2024-01-06 19:23:45'),
(164, 'Mayotte', 'Mayotte', 'YT', 'https://flagcdn.com/yt.svg', 'https://flagcdn.com/w320/yt.png', '2023-09-30 08:22:34', '2024-01-06 19:23:45'),
(165, 'Marshall Islands', 'Marshallöarna', 'MH', 'https://flagcdn.com/mh.svg', 'https://flagcdn.com/w320/mh.png', '2023-09-30 08:22:34', '2024-01-06 19:23:45'),
(166, 'North Korea', 'Nordkorea', 'KP', 'https://flagcdn.com/kp.svg', 'https://flagcdn.com/w320/kp.png', '2023-09-30 08:22:34', '2024-01-06 19:23:45'),
(167, 'Netherlands', 'Nederländerna', 'NL', 'https://flagcdn.com/nl.svg', 'https://flagcdn.com/w320/nl.png', '2023-09-30 08:22:34', '2024-01-06 19:23:45'),
(168, 'British Indian Ocean Territory', 'Brittiska territoriet i Indiska Oceanen', 'IO', 'https://flagcdn.com/io.svg', 'https://flagcdn.com/w320/io.png', '2023-09-30 08:22:34', '2024-01-06 19:23:45'),
(169, 'Malta', 'Malta', 'MT', 'https://flagcdn.com/mt.svg', 'https://flagcdn.com/w320/mt.png', '2023-09-30 08:22:34', '2024-01-06 19:23:45'),
(170, 'Mauritius', 'Mauritius', 'MU', 'https://flagcdn.com/mu.svg', 'https://flagcdn.com/w320/mu.png', '2023-09-30 08:22:34', '2024-01-06 19:23:45'),
(171, 'Norfolk Island', 'Norfolkön', 'NF', 'https://flagcdn.com/nf.svg', 'https://flagcdn.com/w320/nf.png', '2023-09-30 08:22:34', '2024-01-06 19:23:45'),
(172, 'Honduras', 'Honduras', 'HN', 'https://flagcdn.com/hn.svg', 'https://flagcdn.com/w320/hn.png', '2023-09-30 08:22:34', '2024-01-06 19:23:45'),
(173, 'Spain', 'Spanien', 'ES', 'https://flagcdn.com/es.svg', 'https://flagcdn.com/w320/es.png', '2023-09-30 08:22:34', '2024-01-06 19:23:45'),
(174, 'Estonia', 'Estland', 'EE', 'https://flagcdn.com/ee.svg', 'https://flagcdn.com/w320/ee.png', '2023-09-30 08:22:34', '2024-01-06 19:23:45'),
(175, 'Kyrgyzstan', 'Kirgizistan', 'KG', 'https://flagcdn.com/kg.svg', 'https://flagcdn.com/w320/kg.png', '2023-09-30 08:22:34', '2024-01-06 19:23:45'),
(176, 'Chile', 'Chile', 'CL', 'https://flagcdn.com/cl.svg', 'https://flagcdn.com/w320/cl.png', '2023-09-30 08:22:34', '2024-01-06 19:23:45'),
(177, 'Bermuda', 'Bermuda', 'BM', 'https://flagcdn.com/bm.svg', 'https://flagcdn.com/w320/bm.png', '2023-09-30 08:22:34', '2024-01-06 19:23:45'),
(178, 'Equatorial Guinea', 'Ekvatorialguinea', 'GQ', 'https://flagcdn.com/gq.svg', 'https://flagcdn.com/w320/gq.png', '2023-09-30 08:22:34', '2024-01-06 19:23:45'),
(179, 'Liberia', 'Liberia', 'LR', 'https://flagcdn.com/lr.svg', 'https://flagcdn.com/w320/lr.png', '2023-09-30 08:22:34', '2024-01-06 19:23:45'),
(180, 'Pitcairn Islands', 'Pitcairnöarna', 'PN', 'https://flagcdn.com/pn.svg', 'https://flagcdn.com/w320/pn.png', '2023-09-30 08:22:34', '2024-01-06 19:23:45'),
(181, 'Libya', 'Libyen', 'LY', 'https://flagcdn.com/ly.svg', 'https://flagcdn.com/w320/ly.png', '2023-09-30 08:22:34', '2024-01-06 19:23:45'),
(182, 'Liechtenstein', 'Liechtenstein', 'LI', 'https://flagcdn.com/li.svg', 'https://flagcdn.com/w320/li.png', '2023-09-30 08:22:34', '2024-01-06 19:23:45'),
(183, 'Vatican City', 'Vatikanstaten', 'VA', 'https://flagcdn.com/va.svg', 'https://flagcdn.com/w320/va.png', '2023-09-30 08:22:34', '2024-01-06 19:23:45'),
(184, 'Christmas Island', 'Julön', 'CX', 'https://flagcdn.com/cx.svg', 'https://flagcdn.com/w320/cx.png', '2023-09-30 08:22:34', '2024-01-06 19:23:45'),
(185, 'Oman', 'Oman', 'OM', 'https://flagcdn.com/om.svg', 'https://flagcdn.com/w320/om.png', '2023-09-30 08:22:34', '2024-01-06 19:23:45'),
(186, 'Philippines', 'Filippinerna', 'PH', 'https://flagcdn.com/ph.svg', 'https://flagcdn.com/w320/ph.png', '2023-09-30 08:22:34', '2024-01-06 19:23:45'),
(187, 'Poland', 'Polen', 'PL', 'https://flagcdn.com/pl.svg', 'https://flagcdn.com/w320/pl.png', '2023-09-30 08:22:34', '2024-01-06 19:23:45'),
(188, 'Faroe Islands', 'Färöarna', 'FO', 'https://flagcdn.com/fo.svg', 'https://flagcdn.com/w320/fo.png', '2023-09-30 08:22:34', '2024-01-06 19:23:45'),
(189, 'Bahrain', 'Bahrain', 'BH', 'https://flagcdn.com/bh.svg', 'https://flagcdn.com/w320/bh.png', '2023-09-30 08:22:34', '2024-01-06 19:23:45'),
(190, 'Belarus', 'Belarus', 'BY', 'https://flagcdn.com/by.svg', 'https://flagcdn.com/w320/by.png', '2023-09-30 08:22:34', '2024-01-06 19:23:45'),
(191, 'Slovenia', 'Slovenien', 'SI', 'https://flagcdn.com/si.svg', 'https://flagcdn.com/w320/si.png', '2023-09-30 08:22:34', '2024-01-06 19:23:45'),
(192, 'Guadeloupe', 'Guadeloupe', 'GP', 'https://flagcdn.com/gp.svg', 'https://flagcdn.com/w320/gp.png', '2023-09-30 08:22:34', '2024-01-06 19:23:45'),
(193, 'Qatar', 'Qatar', 'QA', 'https://flagcdn.com/qa.svg', 'https://flagcdn.com/w320/qa.png', '2023-09-30 08:22:34', '2024-01-06 19:23:45'),
(194, 'Vietnam', 'Vietnam', 'VN', 'https://flagcdn.com/vn.svg', 'https://flagcdn.com/w320/vn.png', '2023-09-30 08:22:34', '2024-01-06 19:23:45'),
(195, 'Mauritania', 'Mauretanien', 'MR', 'https://flagcdn.com/mr.svg', 'https://flagcdn.com/w320/mr.png', '2023-09-30 08:22:34', '2024-01-06 19:23:45'),
(196, 'Singapore', 'Singapore', 'SG', 'https://flagcdn.com/sg.svg', 'https://flagcdn.com/w320/sg.png', '2023-09-30 08:22:34', '2024-01-06 19:23:45'),
(197, 'Georgia', 'Georgien', 'GE', 'https://flagcdn.com/ge.svg', 'https://flagcdn.com/w320/ge.png', '2023-09-30 08:22:34', '2024-01-06 19:23:45'),
(198, 'Burundi', 'Burundi', 'BI', 'https://flagcdn.com/bi.svg', 'https://flagcdn.com/w320/bi.png', '2023-09-30 08:22:34', '2024-01-06 19:23:45'),
(199, 'Nauru', 'Nauru', 'NR', 'https://flagcdn.com/nr.svg', 'https://flagcdn.com/w320/nr.png', '2023-09-30 08:22:34', '2024-01-06 19:23:45'),
(200, 'South Sudan', 'Sydsudan', 'SS', 'https://flagcdn.com/ss.svg', 'https://flagcdn.com/w320/ss.png', '2023-09-30 08:22:34', '2024-01-06 19:23:45'),
(201, 'Samoa', 'Samoa', 'WS', 'https://flagcdn.com/ws.svg', 'https://flagcdn.com/w320/ws.png', '2023-09-30 08:22:34', '2024-01-06 19:23:45'),
(202, 'Cocos (Keeling) Islands', 'Kokosöarna', 'CC', 'https://flagcdn.com/cc.svg', 'https://flagcdn.com/w320/cc.png', '2023-09-30 08:22:34', '2024-01-06 19:23:45'),
(203, 'Republic of the Congo', 'Kongo-Brazzaville', 'CG', 'https://flagcdn.com/cg.svg', 'https://flagcdn.com/w320/cg.png', '2023-09-30 08:22:34', '2024-01-06 19:23:45'),
(204, 'Cyprus', 'Cypern', 'CY', 'https://flagcdn.com/cy.svg', 'https://flagcdn.com/w320/cy.png', '2023-09-30 08:22:34', '2024-01-06 19:23:45'),
(205, 'Kuwait', 'Kuwait', 'KW', 'https://flagcdn.com/kw.svg', 'https://flagcdn.com/w320/kw.png', '2023-09-30 08:22:34', '2024-01-06 19:23:45'),
(206, 'Trinidad and Tobago', 'Trinidad och Tobago', 'TT', 'https://flagcdn.com/tt.svg', 'https://flagcdn.com/w320/tt.png', '2023-09-30 08:22:34', '2024-01-06 19:23:45'),
(207, 'Tuvalu', 'Tuvalu', 'TV', 'https://flagcdn.com/tv.svg', 'https://flagcdn.com/w320/tv.png', '2023-09-30 08:22:34', '2024-01-06 19:23:45'),
(208, 'Angola', 'Angola', 'AO', 'https://flagcdn.com/ao.svg', 'https://flagcdn.com/w320/ao.png', '2023-09-30 08:22:34', '2024-01-06 19:23:45'),
(209, 'Tonga', 'Tonga', 'TO', 'https://flagcdn.com/to.svg', 'https://flagcdn.com/w320/to.png', '2023-09-30 08:22:34', '2024-01-06 19:23:45'),
(210, 'Greece', 'Grekland', 'GR', 'https://flagcdn.com/gr.svg', 'https://flagcdn.com/w320/gr.png', '2023-09-30 08:22:34', '2024-01-06 19:23:45'),
(211, 'Mozambique', 'Moçambique', 'MZ', 'https://flagcdn.com/mz.svg', 'https://flagcdn.com/w320/mz.png', '2023-09-30 08:22:34', '2024-01-06 19:23:45'),
(212, 'Myanmar', 'Myanmar', 'MM', 'https://flagcdn.com/mm.svg', 'https://flagcdn.com/w320/mm.png', '2023-09-30 08:22:34', '2024-01-06 19:23:45'),
(213, 'Austria', 'Österrike', 'AT', 'https://flagcdn.com/at.svg', 'https://flagcdn.com/w320/at.png', '2023-09-30 08:22:34', '2024-01-06 19:23:45'),
(214, 'Ethiopia', 'Etiopien', 'ET', 'https://flagcdn.com/et.svg', 'https://flagcdn.com/w320/et.png', '2023-09-30 08:22:34', '2024-01-06 19:23:45'),
(215, 'Martinique', 'Martinique', 'MQ', 'https://flagcdn.com/mq.svg', 'https://flagcdn.com/w320/mq.png', '2023-09-30 08:22:34', '2024-01-06 19:23:45'),
(216, 'Azerbaijan', 'Azerbajdzjan', 'AZ', 'https://flagcdn.com/az.svg', 'https://flagcdn.com/w320/az.png', '2023-09-30 08:22:34', '2024-01-06 19:23:45'),
(217, 'Uzbekistan', 'Uzbekistan', 'UZ', 'https://flagcdn.com/uz.svg', 'https://flagcdn.com/w320/uz.png', '2023-09-30 08:22:34', '2024-01-06 19:23:45'),
(218, 'Bangladesh', 'Bangladesh', 'BD', 'https://flagcdn.com/bd.svg', 'https://flagcdn.com/w320/bd.png', '2023-09-30 08:22:34', '2024-01-06 19:23:45'),
(219, 'Armenia', 'Armenien', 'AM', 'https://flagcdn.com/am.svg', 'https://flagcdn.com/w320/am.png', '2023-09-30 08:22:34', '2024-01-06 19:23:45'),
(220, 'Nigeria', 'Nigeria', 'NG', 'https://flagcdn.com/ng.svg', 'https://flagcdn.com/w320/ng.png', '2023-09-30 08:22:34', '2024-01-06 19:23:45'),
(221, 'South Africa', 'Sydafrika', 'ZA', 'https://flagcdn.com/za.svg', 'https://flagcdn.com/w320/za.png', '2023-09-30 08:22:34', '2024-01-06 19:23:45'),
(222, 'Brunei', 'Brunei', 'BN', 'https://flagcdn.com/bn.svg', 'https://flagcdn.com/w320/bn.png', '2023-09-30 08:22:34', '2024-01-06 19:23:45'),
(223, 'Italy', 'Italien', 'IT', 'https://flagcdn.com/it.svg', 'https://flagcdn.com/w320/it.png', '2023-09-30 08:22:34', '2024-01-06 19:23:45'),
(224, 'Finland', 'Finland', 'FI', 'https://flagcdn.com/fi.svg', 'https://flagcdn.com/w320/fi.png', '2023-09-30 08:22:34', '2024-01-06 19:23:45'),
(225, 'Israel', 'Israel', 'IL', 'https://flagcdn.com/il.svg', 'https://flagcdn.com/w320/il.png', '2023-09-30 08:22:34', '2024-01-06 19:23:45'),
(226, 'Aruba', 'Aruba', 'AW', 'https://flagcdn.com/aw.svg', 'https://flagcdn.com/w320/aw.png', '2023-09-30 08:22:34', '2024-01-06 19:23:45'),
(227, 'Nicaragua', 'Nicaragua', 'NI', 'https://flagcdn.com/ni.svg', 'https://flagcdn.com/w320/ni.png', '2023-09-30 08:22:34', '2024-01-06 19:23:45'),
(228, 'Haiti', 'Haiti', 'HT', 'https://flagcdn.com/ht.svg', 'https://flagcdn.com/w320/ht.png', '2023-09-30 08:22:34', '2024-01-06 19:23:45'),
(229, 'Kiribati', 'Kiribati', 'KI', 'https://flagcdn.com/ki.svg', 'https://flagcdn.com/w320/ki.png', '2023-09-30 08:22:34', '2024-01-06 19:23:45'),
(230, 'Turks and Caicos Islands', 'Turks- och Caicosöarna', 'TC', 'https://flagcdn.com/tc.svg', 'https://flagcdn.com/w320/tc.png', '2023-09-30 08:22:34', '2024-01-06 19:23:45'),
(231, 'Cayman Islands', 'Caymanöarna', 'KY', 'https://flagcdn.com/ky.svg', 'https://flagcdn.com/w320/ky.png', '2023-09-30 08:22:34', '2024-01-06 19:23:45'),
(232, 'Ukraine', 'Ukraina', 'UA', 'https://flagcdn.com/ua.svg', 'https://flagcdn.com/w320/ua.png', '2023-09-30 08:22:34', '2024-01-06 19:23:45'),
(233, 'Mexico', 'Mexiko', 'MX', 'https://flagcdn.com/mx.svg', 'https://flagcdn.com/w320/mx.png', '2023-09-30 08:22:34', '2024-01-06 19:23:45'),
(234, 'Palestine', 'Palestina', 'PS', 'https://flagcdn.com/ps.svg', 'https://flagcdn.com/w320/ps.png', '2023-09-30 08:22:34', '2024-01-06 19:23:45'),
(235, 'Fiji', 'Fiji', 'FJ', 'https://flagcdn.com/fj.svg', 'https://flagcdn.com/w320/fj.png', '2023-09-30 08:22:34', '2024-01-06 19:23:45'),
(236, 'Slovakia', 'Slovakien', 'SK', 'https://flagcdn.com/sk.svg', 'https://flagcdn.com/w320/sk.png', '2023-09-30 08:22:34', '2024-01-06 19:23:45'),
(237, 'Ghana', 'Ghana', 'GH', 'https://flagcdn.com/gh.svg', 'https://flagcdn.com/w320/gh.png', '2023-09-30 08:22:34', '2024-01-06 19:23:45'),
(238, 'Suriname', 'Surinam', 'SR', 'https://flagcdn.com/sr.svg', 'https://flagcdn.com/w320/sr.png', '2023-09-30 08:22:34', '2024-01-06 19:23:45'),
(239, 'Cuba', 'Kuba', 'CU', 'https://flagcdn.com/cu.svg', 'https://flagcdn.com/w320/cu.png', '2023-09-30 08:22:34', '2024-01-06 19:23:45'),
(240, 'Bhutan', 'Bhutan', 'BT', 'https://flagcdn.com/bt.svg', 'https://flagcdn.com/w320/bt.png', '2023-09-30 08:22:34', '2024-01-06 19:23:45'),
(241, 'Hungary', 'Ungern', 'HU', 'https://flagcdn.com/hu.svg', 'https://flagcdn.com/w320/hu.png', '2023-09-30 08:22:34', '2024-01-06 19:23:45'),
(242, 'São Tomé and Príncipe', 'São Tomé och Príncipe', 'ST', 'https://flagcdn.com/st.svg', 'https://flagcdn.com/w320/st.png', '2023-09-30 08:22:34', '2024-01-06 19:23:45'),
(243, 'Iraq', 'Irak', 'IQ', 'https://flagcdn.com/iq.svg', 'https://flagcdn.com/w320/iq.png', '2023-09-30 08:22:34', '2024-01-06 19:23:45'),
(244, 'Czechia', 'Tjeckien', 'CZ', 'https://flagcdn.com/cz.svg', 'https://flagcdn.com/w320/cz.png', '2023-09-30 08:22:34', '2024-01-06 19:23:45'),
(245, 'Lithuania', 'Litauen', 'LT', 'https://flagcdn.com/lt.svg', 'https://flagcdn.com/w320/lt.png', '2023-09-30 08:22:34', '2024-01-06 19:23:45'),
(246, 'Northern Mariana Islands', 'Nordmarianerna', 'MP', 'https://flagcdn.com/mp.svg', 'https://flagcdn.com/w320/mp.png', '2023-09-30 08:22:34', '2024-01-06 19:23:45'),
(247, 'Botswana', 'Botswana', 'BW', 'https://flagcdn.com/bw.svg', 'https://flagcdn.com/w320/bw.png', '2023-09-30 08:22:34', '2024-01-06 19:23:45'),
(248, 'Panama', 'Panama', 'PA', 'https://flagcdn.com/pa.svg', 'https://flagcdn.com/w320/pa.png', '2023-09-30 08:22:34', '2024-01-06 19:23:45'),
(249, 'Gabon', 'Gabon', 'GA', 'https://flagcdn.com/ga.svg', 'https://flagcdn.com/w320/ga.png', '2023-09-30 08:22:34', '2024-01-06 19:23:45'),
(250, 'Ecuador', 'Ecuador', 'EC', 'https://flagcdn.com/ec.svg', 'https://flagcdn.com/w320/ec.png', '2023-09-30 08:22:34', '2024-01-06 19:23:45');


INSERT INTO `organizers` (`id`, `organization_name`, `description`, `website`, `logo_svg`, `contact_person_name`,  `email`, `active`, `club_uid`, `created_at`, `updated_at`) VALUES
(1, 'Cykelintresset', '', 'https://www.cykelintresset.se', '<?xml version=\"1.0\" encoding=\"UTF-8\"?>\n<svg id=\"a\" xmlns=\"http://www.w3.org/2000/svg\" width=\"20.2847mm\" height=\"20.2847mm\" viewBox=\"0 0 57.4999 57.4999\">\n  <defs>\n    <style>\n      .cls-1 {\n        fill: #121f2b;\n      }\n\n      .cls-2 {\n        fill: #f7de66;\n        fill-rule: evenodd;\n      }\n    </style>\n  </defs>\n  <path class=\"cls-1\" d=\"M28.7489,48.7487c11.0455,0,20.0005-8.954,20.0005-19.9995s-8.955-20.0001-20.0005-20.0001S8.7494,17.7038,8.7494,28.7492s8.954,19.9995,19.9995,19.9995Z\"/>\n  <path class=\"cls-1\" d=\"M28.7495.4025C13.1188.4025.4032,13.1185.4032,28.7487s12.7156,28.3467,28.3463,28.3467,28.3452-12.7165,28.3452-28.3467S44.3792.4025,28.7495.4025ZM28.7495,56.5337C13.4292,56.5337.9641,44.0695.9641,28.7487S13.4292.9643,28.7495.9643s27.7844,12.4641,27.7844,27.7844-12.4641,27.785-27.7844,27.785Z\"/>\n  <g>\n    <path class=\"cls-1\" d=\"M11.031,15.3511c.0986.1963.1509.4199.1445.6113-.0044.2432-.106.5-.2568.7246-.188.2783-.4121.46-.7451.5244-.3335.0645-.6958-.0205-1.0093-.2314-.3232-.2188-.5596-.5449-.6357-.9141-.0566-.292-.0112-.5947.1899-.8936.2251-.333.5137-.4492.7266-.4863.46-.0811.8647.1562,1.0835.3037l.0601.04-1.0142,1.5029c.1562.0908.3691.1396.5439.1064.1914-.0371.3057-.1631.3862-.2832.0903-.1338.1279-.2539.1201-.4033-.0073-.1279-.0483-.25-.0977-.3486l.5039-.2529ZM9.8548,15.2593c-.1279-.0576-.2642-.0703-.3843-.042-.103.0244-.2334.0879-.3408.2471-.1143.1699-.1182.3262-.0972.4346.0176.1133.0801.2344.168.3301l.6543-.9697Z\"/>\n    <path class=\"cls-1\" d=\"M9.9143,11.3931c.3569-.373.6284-.5615.9888-.582.2969-.0146.5537.0898.792.3184.1128.1084.2134.2373.2598.415.0503.1729.0234.3135-.0083.4072.0625-.04.2808-.1719.5649-.1738.314.002.5464.1582.7241.3281.208.1992.3228.4092.3374.6895.0229.4619-.2827.8584-.4941,1.0801l-.6934.7236-2.8906-2.7686.4194-.4375ZM11.1619,12.5796l.1289-.1338c.1035-.1084.2319-.2686.2319-.4678,0-.1914-.1221-.333-.2217-.4287-.0864-.083-.2031-.1689-.377-.1611-.1909.0078-.3242.1211-.4443.2471l-.1455.1514.8276.793ZM12.3928,13.7583l.2573-.2686c.1201-.126.2896-.3457.3066-.5459.0137-.1523-.0537-.3252-.1836-.4502-.1172-.1113-.2715-.1768-.4155-.1729-.2334.0088-.4165.1738-.5659.3301l-.2656.2773.8667.8301Z\"/>\n    <path class=\"cls-1\" d=\"M13.2913,8.3179c.3916-.2881.6787-.4248.9897-.4375.5273-.0225.8374.3379.9404.4785.3413.4639.3047,1.0127-.0547,1.4258l2.0195.6387-.5952.4375-1.8945-.6416-.0869.0645.9707,1.3203-.4937.3623-2.3711-3.2256.5757-.4229ZM14.2967,9.8579l.1548-.1133c.1357-.0996.6763-.5195.2993-1.0322-.334-.4551-.7964-.1816-1.0381-.0039l-.1694.124.7534,1.0254Z\"/>\n    <path class=\"cls-1\" d=\"M18.7185,5.7642l-1.4287.7109.4517.9072,1.3857-.6885.2563.5156-1.3857.6885.5605,1.1279,1.4287-.71.2563.5156-1.9766.9824-1.7812-3.583,1.9766-.9824.2563.5156Z\"/>\n    <path class=\"cls-1\" d=\"M20.6936,4.4019l1.832,2.3779.314-2.9854.6343-.1797-.5479,4.5781-2.8667-3.6113.6343-.1797Z\"/>\n    <path class=\"cls-1\" d=\"M27.6121,3.6978l-1.5913.1465.0928,1.0107,1.5435-.1416.0527.5742-1.5435.1416.1157,1.2559,1.5908-.1455.0527.5742-2.2012.2021-.3662-3.9902,2.2012-.2021.0527.5742Z\"/>\n    <path class=\"cls-1\" d=\"M30.679,3.7779l-.2178,3.415-.6099-.0391.2178-3.415-.915-.0586.0366-.5742,2.4404.1562-.0366.5742-.9155-.0586Z\"/>\n    <path class=\"cls-1\" d=\"M36.3479,4.273c.4897.1631.7764.3271.9492.6445.1406.2617.1558.5381.0518.8516-.0493.1475-.123.2939-.2632.4111-.1348.1201-.2729.1562-.3716.168.0625.0391.2749.1797.3984.4355.1328.2842.0913.5615.0142.7949-.0908.2725-.2314.4668-.4775.5996-.4077.2178-.897.1123-1.1875.0156l-.9502-.3154,1.2617-3.7969.5747.1914ZM35.2732,7.5249l.353.1172c.165.0547.4365.1133.624.043.144-.0527.271-.1875.3281-.3584.0508-.1543.043-.3203-.0215-.4492-.1084-.207-.3359-.3018-.541-.3701l-.3643-.1211-.3784,1.1387ZM35.8108,5.9087l.1763.0586c.1426.0469.3418.0947.5215.0088.1729-.082.2485-.252.292-.3838.0381-.1133.0664-.2559-.0156-.4092-.0894-.1689-.2485-.2402-.4136-.2959l-.1992-.0654-.3613,1.0869Z\"/>\n    <path class=\"cls-1\" d=\"M40.6038,9.5103l-1.4873-.8438-.8579.624-.5737-.3262,3.8223-2.7012-.4409,4.6201-.5737-.3262.1113-1.0469ZM40.6736,8.8872l.1523-1.4717-1.2061.874,1.0537.5977Z\"/>\n    <path class=\"cls-1\" d=\"M42.0056,11.5904l2.8789-3.1504.0918,4.2002,1.8682-2.0439.4512.4121-2.8628,3.1328-.0918-4.2002-1.8843,2.0615-.4512-.4121Z\"/>\n    <path class=\"cls-1\" d=\"M47.7786,16.5825l-.9741-1.4043-1.043.1904-.376-.542,4.6143-.7773-2.3994,3.9707-.376-.542.5542-.8955ZM48.1116,16.0523l.7754-1.2598-1.4658.2646.6904.9951Z\"/>\n  </g>\n  <g>\n    <path class=\"cls-1\" d=\"M6.1677,26.9732c-.0278.3506-.3213.6006-.6724.5723s-.6006-.3213-.5723-.6729c.0283-.3506.3213-.6006.6724-.5723s.6006.3213.5723.6729Z\"/>\n    <path class=\"cls-1\" d=\"M9.1028,40.688c.1523-.5791-.001-.9658-.106-1.168-.4004-.7725-1.2407-.999-2.0239-.5928-.7505.3896-1.0493,1.2334-.6572,1.9893.2207.4268.6104.6436.9072.7461l-.6445.334c-.3979-.2461-.6445-.5908-.7715-.8359-.3345-.6445-.2515-1.2012-.1621-1.5107.1733-.6172.5459-1.0068,1.0464-1.2656.6553-.3398,1.2485-.3037,1.6855-.1514.5366.1875.875.5527,1.1289,1.043.1685.3252.2729.6699.2363,1.0811l-.6392.3311Z\"/>\n    <path class=\"cls-1\" d=\"M9.6897,43.7798l.9351-2.4541.439.54-.6597,1.7275,1.8252-.2939.439.54-2.5923.415-1.3403,1.0898-.3862-.4746,1.3403-1.0898Z\"/>\n    <path class=\"cls-1\" d=\"M13.1482,46.4614l2.2119-.2334.6177.5156-2.5483.2344-.0073,2.8467-.6265-.5234.041-2.2783-.1689.0146-1.061,1.2725-.4702-.3926,2.5649-3.0732.4697.3916-1.0229,1.2256Z\"/>\n    <path class=\"cls-1\" d=\"M18.8738,49.0884l-1.396-.7715-.4902.8877,1.3545.7471-.2783.5039-1.3545-.7471-.6089,1.1016,1.3965.7715-.2783.5039-1.9316-1.0674,1.9336-3.501,1.9316,1.0674-.2783.5039Z\"/>\n    <path class=\"cls-1\" d=\"M21.136,49.398l-1.1763,3.2148,1.1035.4043-.1978.54-1.6782-.6133,1.374-3.7559.5747.21Z\"/>\n    <path class=\"cls-1\" d=\"M24.4529,50.3247l-.8345,3.918-.5991-.127.8345-3.9189.5991.1279Z\"/>\n    <path class=\"cls-1\" d=\"M26.7976,54.7193l.0649-4.2705,2.856,3.085.0425-2.7705.6113.0098-.0645,4.2451-2.856-3.084-.043,2.7939-.6113-.0088Z\"/>\n    <path class=\"cls-1\" d=\"M33.4632,50.8316l.6626,3.3633-.6011.1182-.6621-3.3623-.9009.1768-.1113-.5654,2.4028-.4727.1113.5654-.9014.1768Z\"/>\n    <path class=\"cls-1\" d=\"M36.2171,49.4556c.4536-.1729.7661-.2285,1.0688-.1582.5137.1191.7158.5488.7778.7109.2051.5371.0244,1.0557-.4312,1.3574l1.7734,1.1523-.689.2627-1.6528-1.1211-.1006.0381.583,1.5293-.5713.2178-1.4248-3.7354.6665-.2539ZM36.7757,51.2056l.1792-.0684c.1567-.0596.7886-.3203.5625-.9141-.2012-.5264-.7188-.3867-.9985-.2793l-.1963.0742.4531,1.1875Z\"/>\n    <path class=\"cls-1\" d=\"M41.4729,47.438l-1.3638.8281.5259.8662,1.3228-.8027.2988.4922-1.3228.8027.6538,1.0771,1.3638-.8281.2988.4922-1.8867,1.1455-2.0762-3.4199,1.8867-1.1455.2988.4922Z\"/>\n    <path class=\"cls-1\" d=\"M44.3479,45.5044c-.0869-.0439-.1826-.0713-.3018-.0703-.1621.0068-.2891.0625-.4194.1777-.2793.2461-.2764.5391-.1055.7334.0791.0898.2495.2197.645.0781l.4087-.1436c.7524-.2637,1.1831-.083,1.4844.2588.5039.5723.4438,1.3203-.1187,1.8164-.3467.3057-.6689.3574-.9727.3213-.3208-.0371-.5674-.1719-.7676-.3633l.3672-.499c.1309.1484.3081.2402.4634.2715.1807.0322.3701-.0068.5503-.165.2788-.2461.3164-.6396.0508-.9404-.27-.3066-.6147-.2266-.8843-.1328l-.3955.1328c-.3389.1143-.8857.2285-1.2827-.2217-.3569-.4053-.3828-1.0703.1797-1.5654.3242-.2861.6157-.3271.7817-.3291.1445,0,.3213.0283.4956.0986l-.1787.542Z\"/>\n    <path class=\"cls-1\" d=\"M46.9739,42.6079c-.0928-.0283-.1924-.0391-.3096-.0176-.1582.0342-.2739.1104-.3833.2451-.2334.29-.1816.5791.0195.7412.0933.0752.2832.1738.6494-.0312l.3784-.2109c.6973-.3857,1.1523-.2812,1.5068.0059.5933.4785.6602,1.2266.189,1.8105-.29.3594-.5991.4648-.9043.4805-.3228.0166-.5884-.0742-.8184-.2285l.2778-.5547c.1543.124.3442.1846.5024.1895.1841.002.3643-.0684.5146-.2559.2339-.2891.2046-.6826-.1084-.9355-.3174-.2559-.644-.1191-.894.0186l-.3672.1973c-.3145.1699-.8345.375-1.3018-.002-.4199-.3389-.5576-.9902-.0864-1.5742.271-.3359.5518-.4258.7148-.4561.1426-.0234.3218-.0254.5049.0146l-.0845.5635Z\"/>\n    <path class=\"cls-1\" d=\"M49.1155,38.5601l-.7671,1.4004.8896.4873.7441-1.3584.5054.2764-.7441,1.3584,1.1055.6055.7671-1.3994.5054.2764-1.061,1.9375-3.5117-1.9238,1.0615-1.9375.5054.2773Z\"/>\n    <path class=\"cls-1\" d=\"M50.1336,35.9946l3.2324,1.1416-.2041.5771-3.2324-1.1406-.3057.8652-.5435-.1914.8154-2.3096.5435.1914-.3057.8662Z\"/>\n    <path class=\"cls-1\" d=\"M51.3303,26.8872c-.0298-.3496.2183-.6436.5688-.6729.3506-.0303.644.2178.6738.5684.0293.3506-.2188.6445-.5693.6738-.3501.0293-.644-.2188-.6733-.5693Z\"/>\n  </g>\n  <path class=\"cls-2\" d=\"M33.0272,39.5311c-.0157-.2427-.4305-.088-.3911-.3877-.4106.1056-.4795.5557-.644.9041-.3481.4617-.745.3088-1.1346.6498-.4206.3442-.53.7788-.8064.9058.1371-.8219.2099-1.4988.5168-2.072.2428-.4502.8064-.6323.9041-1.1665-.7729-.3793-.8924.5755-1.4209.9082-.256.1601-.5944.1776-.9797.2011.2425-.2341.3617-.4262.4614-.5886.192-.3113.4853-1.0273.9063-1.1622.0385-.301-.3721-.1466-.3881-.3912-.5102.0606-.765,1.1445-1.4239,1.5534-.8553.5323-2.3561.6634-1.9392-.6459.0938.3543.1388.6127.5167.6459,1.2343-.0626.5358-2.0525,1.6826-2.1993-.1211-.2345-.5263-.4809-.9079-.5184-.182-.0177-.4913.2111-.7747.2581-.6519.1097-1.4325.0156-1.812.1313-.4791.1446-1.039.8412-1.681.9059-.4341,1.0759-1.1227,1.8898-2.8448,1.6805-.229-.1914.2428-.667-.3893-.6473.2154-.9139,1.3499-.3192,2.0701-.6477.3972-.178.7806-.5227.7767-1.1624-1.0642-.1368-2.5396,1.0702-3.4923,1.6787-.2074.1333-.8844.5853-1.0332.6498-1.1328.4814-2.3284.0115-2.8469-.7751-.2116-.3928-.1781-1.0564,0-1.5534.597,1.0449,2.81,1.5575,4.1403.7769.0918-.0549.5067-.313.6457-.3891.7434-.4073,1.5045-1.0023,2.7158-1.0335-.0491-1.2734-2.2914-1.0231-2.8453-.391-.0546.4636-.0312.8568-.2799,1.123-.1896.1386-.3965.2134-.6276.3015-.2976-.0728-.1921-.2722-.2586-.5168-.3011.0372-.5337.2543-.7746,0,.0314-1,.0037-1.5497.184-2.2149.0234-.0824.1661-.3013.2132-.3307.5633-.3423,1.4104-.7925,2.0603-1.2054.7257-.4656,1.5006-.8276,2.1991-1.2954.9254-.6222,1.6046-1.5789,2.7177-1.9389.4346-.2974.5971-.8688,1.2937-.9079-.6477-.7906-2.2757-.1839-3.1071.1309-.325.1254-.6496.1196-.9043.2585-.1779.0979-.2974.3873-.5167.5185-.444.2619-1.0427.5243-1.5514.7748-.9605.4736-1.6397.8082-3.3654.6476.1624-.6575,1.2505-.3893,1.4245-1.0351.2547-1.3283-1.0372-2.1266-.9057-3.7507.5556-.0293.6904.5323.9057.7749.2367.272.4327.6789.7769.9078.1565.104.3424.037.5163.1273.19.0959.5576.3365,1.0335.3893,1.2109.1371,2.6512-.3854,4.011-.5165.0037-.3599-.4443-.4011-.6478-.5185-.5752-.3365-1.3479-.6769-2.0699-1.0369-.4894-.2425-.9862-.4129-1.4226-.7768-.3169-.2601-.7746-.6925-1.0351-1.0333-.0803-.1034-.1095-.4226-.2582-.6454-.0959-.1506-.3249-.2505-.3873-.3874-.0785-.1742-.051-.3973-.131-.6476-.1431-.4462-.3444-1.0625-.3857-1.9392.4598.0958.3444.7025.5167,1.0333.1643.3131.4461.632.6455.9059.4323.5868.8612,1.3402,1.6828,1.1642.4403-.4912.1466-2.1918.7749-2.8468.0331,2.8996,1.771,5.5977,4.2695,5.9521,1.383.1955,2.7097-.1411,3.6236-.648.4597-.2582.998-.5812,1.2935-.9077.3184-.3483.5434-.8962.7744-1.4204.368-.8413.7182-2.0488.3894-3.3655-.1312-.5283-.4869-1.1093-.7785-1.5495-.7221-1.1018-1.8294-2.0095-2.9742-2.8469-1.2329-.9002-2.5571-1.5947-3.4908-2.1974-.6181.0528-.9353-.1897-1.4242-.2601.4928-.4481,1.129-.28,1.8102-.1275.8605.192,1.5259.7164,2.3278,1.1605.5755.3208,1.0765.6553,1.6833,1.0369.4969.3113.9291.6829,1.5529.7749,2.0819.3131,3.2836-1.039,4.5256-2.1953.2583.4755-.0543,1.0782-.2599,1.4204-.2618.4482-.8763.7162-1.1623,1.1644-.0918.1409-.0254.1526-.1292.2583-.2641.2738-.5924,1.3479-.5165,2.1972.0922,1.0488,1.0569,2.6416,2.8449,2.4594,1.5634-.1563,2.5125-.9841,4.3986-1.0332-.2894.4598-.982.4795-1.4244.9041-.1097.1055-.5595.3111-.775.5165-.1448.1389-.7355.3385-1.035.5204-.0507.0294-.084.2369-.131.2584-.1938.088-.3811.1054-.6478.2582-.2854.1663-.5201.3755-.7727.5166-.2956.1641-.6104.2268-.906.3875-.2308.1211-.4206.391-.6454.5162-1.0373.5873-2.2443,1.1917-3.3638,1.8118-.2249.1254-.4949.3622-.7785.5208-.6752.3739-2.0896.5967-1.8095,1.9369.6198.0999,1.3735-.4735,1.9408-.906.7749-.5929,1.1151-1.1895,2.326-1.5517,1.5438-.4596,2.7862-.0076,4.5278.3899-1.5811,1.6942-3.8995,2.655-7.2413,2.5863.0588.4461.62.4089.9036.5184.9121.3427,2.1899.7047,3.2344,1.0332,1.45.4598,4.2693,1.2936,4.2693,1.2936-.1154,3.156-.1154,6.6444-2.5888,9.5715,0,0-1.614-1.3166-2.5863-1.8113-.1955,1.4414-2.162,1.6526-2.033,2.7976.0138.0684-.0056.3029.1703.4539.2271.0844.4989.0155.5693-.2758.1665.4768-.4656.7907-.837.4305-.4853-.4947-.523-1.3382-.1981-2.3694.1-.3153.4773-.6535.6459-.9063.1196-.174.1346-.3557.2623-.5163.0821-.1135.3189-.1253.2579-.3892M25.6799,32.9256c.2116.1679.4796.2698.7692.2698.681,0,1.2271-.5518,1.2271-1.2306,0-.6771-.5462-1.229-1.2271-1.229-.6769,0-1.2267.5518-1.2267,1.229,0,.1232.0179.2425.0488.3522,0,0-.8115.4282-.8528.4479-.0606.0372-.0861.0863-.0514.1643.0178.0431.231.3875.2445.4111.0296.0409.0964.0703.1606.0409.0336-.0117.9077-.4556.9077-.4556M26.9227,31.9783c0-.272-.223-.4931-.4947-.4931-.2701,0-.4933.2211-.4933.4931s.2232.491.4933.491c.2717,0,.4947-.2191.4947-.491\"/>\n</svg>', 'Simon Johansson', 'cykelintresset@gmail.com', 1, null,'2025-03-08 14:18:31', '2025-03-08 14:18:31');
INSERT INTO `organizers` (`id`, `organization_name`, `description`, `website`, `logo_svg`, `contact_person_name`, `email`, `active`, `club_uid` ,`created_at`, `updated_at`) VALUES
(2, 'Randonneurs Laponia', '', 'https://www.ebrevet.org', '<?xml version=\"1.0\" encoding=\"UTF-8\"?>\n<svg id=\"a\" xmlns=\"http://www.w3.org/2000/svg\" width=\"20.2847mm\" height=\"20.2847mm\" viewBox=\"0 0 57.4999 57.4999\">\n  <defs>\n    <style>\n      .cls-1 {\n        fill: #386e47;\n      }\n\n      .cls-2 {\n        fill: #e6e7e7;\n      }\n\n      .cls-3 {\n        fill: #fff;\n      }\n\n      .cls-4 {\n        fill: #f8d047;\n      }\n\n      .cls-5 {\n        fill: #221f20;\n      }\n\n      .cls-6 {\n        fill: #ab364f;\n      }\n\n      .cls-7 {\n        fill: #0082ba;\n      }\n\n      .cls-8 {\n        fill: #2b4773;\n      }\n    </style>\n  </defs>\n  <path d=\"M28.7495.4025C13.1188.4025.4032,13.1185.4032,28.7487s12.7156,28.3467,28.3463,28.3467,28.3452-12.7165,28.3452-28.3467S44.3792.4025,28.7495.4025ZM28.7495,56.5337C13.4292,56.5337.9641,44.0695.9641,28.7487S13.4292.9643,28.7495.9643s27.7844,12.4641,27.7844,27.7844-12.4641,27.785-27.7844,27.785Z\"/>\n  <g>\n    <path d=\"M11.0307,15.3509c.0986.1968.1509.4199.1445.6113-.0044.2432-.106.5005-.2568.7246-.188.2783-.4121.4604-.7451.5249-.3335.0645-.6958-.0205-1.0093-.2319-.3232-.2183-.5596-.5444-.6357-.9141-.0566-.2915-.0112-.5942.1899-.8931.2251-.333.5137-.4497.7266-.4868.46-.0806.8647.1567,1.0835.3042l.0601.04-1.0142,1.5024c.1562.0908.3691.1401.5439.1064.1914-.0371.3057-.1631.3862-.2827.0903-.1343.1279-.2539.1201-.4038-.0073-.1279-.0483-.2495-.0977-.3481l.5039-.2534ZM9.8544,15.2591c-.1279-.0571-.2642-.0698-.3843-.042-.103.0244-.2334.0884-.3408.2476-.1143.1694-.1182.3257-.0972.4341.0176.1133.0801.2349.168.3306l.6543-.9702Z\"/>\n    <path d=\"M9.914,11.3929c.3569-.3726.6284-.561.9888-.5815.2969-.0146.5537.0898.792.3184.1128.1079.2134.2373.2598.4146.0503.1729.0234.3135-.0083.4077.0625-.04.2808-.1719.5649-.1738.314.002.5464.1582.7241.3281.208.1992.3228.4092.3374.689.0229.4619-.2827.8589-.4941,1.0801l-.6934.7236-2.8906-2.7681.4194-.438ZM11.1616,12.5799l.1289-.1343c.1035-.1084.2319-.2681.2319-.4678,0-.1909-.1221-.3325-.2217-.4282-.0864-.083-.2031-.1694-.377-.1616-.1909.0083-.3242.1216-.4443.2476l-.1455.1514.8276.793ZM12.3925,13.7586l.2573-.2686c.1201-.126.2896-.3462.3066-.5459.0137-.1528-.0537-.3257-.1836-.4502-.1172-.1118-.2715-.1768-.4155-.1733-.2334.0093-.4165.1743-.5659.3306l-.2656.2773.8667.8301Z\"/>\n    <path d=\"M13.2914,8.3172c.3916-.2881.6787-.4248.9897-.4375.5273-.0225.8374.3384.9404.4785.3413.4644.3047,1.0127-.0547,1.4263l2.0195.6387-.5952.4375-1.8945-.6416-.0869.064.9707,1.3208-.4932.3628-2.3716-3.2266.5757-.4229ZM14.2968,9.8577l.1548-.1138c.1357-.0996.6763-.5195.2993-1.0322-.334-.4546-.7964-.1816-1.0386-.0039l-.1689.1245.7534,1.0254Z\"/>\n    <path d=\"M18.7563,5.7489l-1.4326.7065.4487.9102,1.3896-.6851.2549.5171-1.3896.6851.5576,1.1309,1.4326-.7061.2549.5171-1.9819.9771-1.771-3.5928,1.9819-.9771.2549.5171Z\"/>\n    <path d=\"M20.6933,4.4012l1.832,2.3784.314-2.9858.6343-.1797-.5479,4.5786-2.8667-3.6118.6343-.1797Z\"/>\n    <path d=\"M27.6118,3.6976l-1.5913.146.0928,1.0112,1.5435-.1421.0527.5742-1.5435.1421.1157,1.2559,1.5908-.146.0527.5742-2.2012.2021-.3662-3.9897,2.2012-.2021.0527.5742Z\"/>\n    <path d=\"M30.6787,3.7772l-.2178,3.4155-.6099-.0391.2178-3.415-.915-.0586.0366-.5742,2.4404.1558-.0366.5742-.9155-.0586Z\"/>\n    <path d=\"M36.3476,4.2728c.4897.1626.7764.3271.9492.644.1406.2617.1558.5386.0518.8516-.0493.1479-.123.2939-.2632.4116-.1348.1196-.2729.1558-.3716.1675.0625.0396.2749.1797.3984.4355.1328.2847.0913.5615.0142.7949-.0908.2729-.2314.4668-.4775.5996-.4077.2183-.897.1128-1.1875.0161l-.9502-.3159,1.2617-3.7964.5747.1914ZM35.2729,7.5243l.353.1172c.165.0552.4365.1138.624.0435.144-.0532.271-.188.3281-.3589.0508-.1538.043-.3203-.0215-.4492-.1084-.207-.3359-.3018-.541-.3696l-.3643-.1211-.3784,1.1382ZM35.8105,5.908l.1763.0586c.1426.0474.3418.0947.5215.0093.1729-.082.2485-.2524.292-.3838.0381-.1138.0664-.2559-.0156-.4097-.0894-.1685-.2485-.2402-.4136-.2954l-.1992-.0659-.3613,1.0869Z\"/>\n    <path d=\"M40.6035,9.5096l-1.4873-.8438-.8579.624-.5737-.3257,3.8223-2.7012-.4409,4.6196-.5737-.3257.1113-1.0474ZM40.6733,8.887l.1523-1.4722-1.2061.8745,1.0537.5977Z\"/>\n    <path d=\"M42.0053,11.5897l2.8789-3.1504.0918,4.2007,1.8682-2.0444.4512.4126-2.8628,3.1328-.0918-4.2007-1.8843,2.062-.4512-.4126Z\"/>\n    <path d=\"M47.7783,16.5828l-.9741-1.4043-1.043.1904-.376-.5425,4.6143-.7769-2.3994,3.9707-.376-.542.5542-.8955ZM48.1113,16.0526l.7754-1.2603-1.4658.2646.6904.9956Z\"/>\n  </g>\n  <g>\n    <path d=\"M6.9584,22.5868c-.0967.3384-.4326.5254-.771.4287s-.5249-.4331-.4282-.7715.4326-.5254.771-.4287.5249.4331.4282.7715Z\"/>\n    <path d=\"M6.7993,27.3021c-.0234.4858-.0981.7944-.2847,1.0439-.3149.4238-.7905.437-.9644.4282-.5757-.0278-.9785-.4019-1.0728-.9414l-1.769,1.165.0356-.7378,1.6924-1.0664.0054-.1079-1.6372-.0791.0298-.6113,3.9995.1934-.0347.7134ZM4.9692,27.1117l-.0093.1919c-.0078.1675-.0229.8521.6128.8828.5635.0273.6436-.5039.6577-.8037l.0103-.21-1.2715-.061Z\"/>\n    <path d=\"M3.9794,32.4813l-.1958-1.7002-1.0107-.3252-.0752-.6563,4.4399,1.4961-3.9951,2.3701-.0757-.6562.9126-.5283ZM4.5239,32.1707l1.2808-.7461-1.4194-.459.1387,1.2051Z\"/>\n    <path d=\"M3.4936,35.1893l4.0635-1.3364-1.9849,3.7134,2.6362-.8667.1914.5825-4.04,1.3281,1.9849-3.7134-2.6592.8745-.1919-.582Z\"/>\n    <path d=\"M9.3154,39.0877c.2754.4854.4629.9375.395,1.4863-.0786.6035-.4453,1.1357-1.0249,1.4639-.5791.3291-1.2163.373-1.8003.0977-.5181-.2441-.7812-.5986-1.0562-1.084l-.4087-.7207,3.481-1.9736.4141.7305ZM6.2231,40.5799l.1304.2295c.1479.2607.373.6084.769.7842.3188.1367.7861.1816,1.2612-.0879.459-.2598.6948-.6836.7354-1.0381.0474-.4268-.1416-.8086-.2866-1.0645l-.1304-.2295-2.479,1.4062Z\"/>\n    <path d=\"M12.1552,46.2098c-.8823.7803-2.1431.7168-2.9395-.1836s-.707-2.1592.1753-2.9404c.8823-.7803,2.1431-.7158,2.9395.1846.7969.9004.707,2.1592-.1753,2.9395ZM11.749,45.7508c.666-.5898.728-1.4629.1587-2.1064-.5698-.6436-1.4438-.6885-2.1104-.0996-.666.5898-.728,1.4629-.1587,2.1064.5698.6445,1.4438.6895,2.1104.0996Z\"/>\n    <path d=\"M12.2011,48.8797l2.4878-3.4766.5918,4.167,1.6143-2.2559.498.3564-2.4736,3.457-.5918-4.167-1.6284,2.2754-.498-.3564Z\"/>\n    <path d=\"M16.9374,51.9832l1.6733-3.9336,1.4819,3.9385,1.0854-2.5527.5635.2402-1.6636,3.9102-1.4819-3.9375-1.0952,2.5742-.5635-.2393Z\"/>\n    <path d=\"M25.3662,51.1053l-1.563-.3203-.2036.9922,1.5156.3115-.1157.5635-1.5156-.3105-.2529,1.2334,1.5625.3203-.1157.5645-2.1616-.4434.8037-3.9189,2.1621.4443-.1157.5635Z\"/>\n    <path d=\"M27.4169,50.7254l-.0493,2.4102c-.0044.2168-.0034.4805.1123.6924.1157.207.3813.4219.7349.4287.354.0078.6279-.1963.752-.3984.1245-.207.1357-.4707.1401-.6865l.0488-2.4111.6118.0127-.0522,2.5723c-.0063.3184-.0801.7002-.3931,1.0303-.2144.2236-.5732.4561-1.1187.4453-.5459-.0117-.8945-.2588-1.1001-.4902-.2988-.3428-.3569-.7275-.3506-1.0449l.0522-2.5732.6118.0127Z\"/>\n    <path d=\"M31.9687,50.5155c.4795-.0791.7974-.0703,1.0801.0596.48.2188.5928.6807.6211.8525.0938.5684-.1875,1.04-.6948,1.2451l1.5098,1.4844-.728.1201-1.3975-1.4297-.1064.0176.2666,1.6162-.604.0996-.6514-3.9492.7046-.1162ZM32.1669,52.3436l.1895-.0312c.1655-.0273.8374-.1562.7339-.7832-.0918-.5566-.6274-.5234-.9233-.4746l-.207.0342.207,1.2549Z\"/>\n    <path d=\"M36.7807,50.1971c-.063-.0732-.1411-.1357-.2515-.1807-.1523-.0557-.2905-.0527-.4551.0039-.3521.1201-.4619.3916-.3789.6357.0391.1143.1465.2988.5659.3203l.4326.0234c.7949.0459,1.1235.377,1.271.8086.2461.7207-.0962,1.3887-.8057,1.6318-.437.1484-.7544.0732-1.021-.0762-.2822-.1572-.458-.376-.5698-.6299l.5308-.3203c.064.1875.1919.3398.3232.4277.1548.0996.3447.1367.5718.0586.3516-.1201.5371-.4688.4072-.8486-.1318-.3857-.4814-.4443-.7661-.4609l-.4155-.0293c-.3564-.0244-.9058-.1279-1.0996-.6963-.1743-.5107.0566-1.1338.7661-1.377.4087-.1387.6938-.0654.8477-.0039.1333.0557.2856.1494.4194.2812l-.3726.4316Z\"/>\n    <path d=\"M40.1967,47.5379l1.7944,2.9189,1.002-.6162.3018.4902-1.5229.9375-2.0967-3.4102.5215-.3203Z\"/>\n    <path d=\"M45.7304,47.159l-1.2959,1.1172.2998,1.0186-.5005.4316-1.2588-4.5127,4.2056,1.9717-.5005.4316-.9497-.458ZM45.1679,46.8836l-1.3364-.6396.418,1.4316.9185-.792Z\"/>\n    <path d=\"M45.6752,42.8065c.1562-.1895.3921-.4385.7231-.5381.3848-.1172.7837.002,1.0659.2344.1802.1484.4194.4238.4268.8574.0059.417-.1943.7256-.3813.9521l-.1753.2129,1.2529,1.0332-.3892.4717-3.084-2.5439.561-.6797ZM46.8998,44.1668l.1753-.2129c.3359-.4072.2974-.7656.0107-1.002-.1714-.1406-.5337-.3232-.9761.2129l-.1719.208.9619.7939Z\"/>\n    <path d=\"M50.6972,38.6912c1.0259.5771,1.3779,1.7881.7891,2.835-.5894,1.0469-1.8071,1.375-2.833.7979-1.0259-.5781-1.3779-1.7891-.7891-2.8359.5894-1.0459,1.8071-1.374,2.833-.7969ZM50.3969,39.2254c-.7749-.4365-1.6196-.208-2.0405.54-.4214.748-.1772,1.5889.5972,2.0244.7749.4355,1.6196.208,2.0405-.54.4214-.749.1772-1.5889-.5972-2.0244Z\"/>\n    <path d=\"M53.2133,37.745l-4.0957-1.1953,3.729-1.9331-2.6577-.7754.1709-.5869,4.0728,1.1885-3.7285,1.9331,2.6807.7822-.1714.5869Z\"/>\n    <path d=\"M50.6484,30.8631l3.9795.4375-.0669.6084-3.9795-.4375.0669-.6084Z\"/>\n    <path d=\"M53.7065,26.6659l.0869,1.709.9878.3887.0337.6597-4.3354-1.7754,4.1372-2.1104.0337.6597-.9438.4688ZM53.143,26.9408l-1.3247.6626,1.3867.5488-.062-1.2114Z\"/>\n    <path d=\"M50.5209,22.5311c-.0972-.3384.0889-.6748.4272-.7725.3384-.0972.6753.0889.7725.4272.0977.3384-.0889.6753-.4272.7725s-.6748-.0889-.7725-.4272Z\"/>\n  </g>\n  <g>\n    <path class=\"cls-2\" d=\"M28.7499,48.7504c-11.028,0-20.0003-8.9723-20.0003-20.0003S17.7219,8.7493,28.7499,8.7493s19.9994,8.9723,19.9994,20.0008-8.9714,20.0003-19.9994,20.0003Z\"/>\n    <path class=\"cls-5\" d=\"M28.7499,9.3162c10.7151,0,19.4324,8.718,19.4324,19.4339s-8.7173,19.4334-19.4324,19.4334-19.4334-8.7178-19.4334-19.4334S18.0343,9.3162,28.7499,9.3162M28.7499,8.7493c-11.028,0-20.0003,8.9723-20.0003,20.0008s8.9723,20.0003,20.0003,20.0003,19.9994-8.9723,19.9994-20.0003-8.9714-20.0008-19.9994-20.0008h0Z\"/>\n  </g>\n  <path class=\"cls-3\" d=\"M23.6958,45.4883c.1072-.0413.2174-.0754.3293-.1053v-.5993c-.1203.2481-.2411.492-.3293.7046Z\"/>\n  <path class=\"cls-3\" d=\"M23.9996,17.2644c-.0985-.1198-.1943-.262-.2747-.3947-.0414-.0562-.0794-.1282-.1379-.1705-.0141-.0106-.0303-.02-.0482-.0229-.016-.0029-.0329.0013-.0464.0096-.0801.0535-.1374.1336-.1853.2134-.1624.287-.2479.6272-.3427.9384-.0402.1271-.0782.2679-.1344.3899-.009.0158-.0237.0295-.0413.0365-.0269.0111-.0575.0092-.0858.0042-.1011-.022-.1957-.0763-.2835-.1272-.2116-.1195-.4271-.2942-.6559-.3833-.0358-.0119-.0753-.0233-.1132-.0148-.0425.0086-.0548.0511-.0662.0856-.0576.1908-.0555.398-.053.5949.0059.3896.0729.7956.0852,1.1847-.0012.023.0002.0521-.0214.0673-.0576.0343-.1514-.0043-.2123-.0221-.2994-.1088-.5911-.2836-.885-.4041-.0485-.0174-.0997-.0406-.1522-.0434-.1095.0029-.1237.1415-.1391.2244-.0332.256-.0338.5255-.1283.7704-.0426.1233-.1371.2238-.1789.3474-.0439.1185-.0575.2474-.0564.3724-.0015.1719.0424.4198.0099.59-.0311.121-.0669.2751-.153.3713-.0162.0157-.0381.0283-.0619.0276-.0274-.0006-.0516-.0158-.0719-.0321-.1048-.0979-.1801-.2267-.2652-.3428v18.1661c.4835.0873.9724.2432,1.3347.5694.1382.1191.2389.2707.3415.4171.0888.1171.1971.2305.3103.3268.7089.5978,1.6972.733,2.4962,1.1846.0828.0472.1637.0999.2416.1563v-25.0683c-.0075-.0083-.0184-.0135-.0255-.0221Z\"/>\n  <path class=\"cls-4\" d=\"M37.9266,19.8921c-.0543.0025-.1042.0291-.1479.058-.2038.14-.3228.3651-.5191.513-.0528.0397-.1427.0947-.2002.0351-.0539-.0655-.0528-.1568-.0576-.2361.0013-.4844.1375-.986.1697-1.4679-.0086-.0997-.121-.1329-.2104-.1424-.1829-.0252-.3851.0149-.5583-.0573-.0542-.0246-.0904-.0776-.0913-.1347.0356-.4721.1385-.9582.0682-1.4314-.017-.079-.0392-.1754-.1216-.215-.0279-.0128-.0599-.016-.0905-.0151-.1756.0154-.3593.0909-.5317.1235-.4393.0982-.905.0802-1.3406-.0267-.0403-.0166-.0593-.0586-.07-.0965-.024-.0938-.0176-.1947-.0118-.2904.0424-.4885.1762-.9952.1934-1.4857.0008-.1422.0024-.297-.0709-.4251-.0272-.0456-.0718-.0829-.126-.0958-.0688-.0166-.1412-.0007-.2064.022-.1558.0604-.2994.1591-.4682.187-.0193.003-.0407.0026-.0618.0028v26.5183c.3581.0424.7148.1578,1.0772.1507.0753-.0034.1721.007.2177-.0634.0239-.0376.0252-.0839.0226-.1265-.0083-.1297-.0668-.2599-.0491-.3907.0141-.0783.0918-.13.1626-.1619.2376-.0965.5364-.0869.7838-.1507.0881-.0226.1785-.0541.2461-.1144.1981-.1895.0188-.4664-.021-.6836-.0322-.1419-.0021-.285.1149-.3849l.0073-.0064c.7302-.1671,1.5028-.3161,2.1624-.6704v-18.135c-.0285-.1746-.0401-.359-.1265-.5124-.029-.0495-.0822-.0943-.1452-.0898Z\"/>\n  <path class=\"cls-7\" d=\"M42.7676,27.6878c-.1012-.075-.2187-.1409-.3111-.2259-.0254-.0247-.0504-.0523-.0626-.0854-.0248-.0918.0015-.1885.0319-.2763.1193-.3353.3599-.6458.4543-.9894.012-.0576.0199-.1244-.017-.1754-.0218-.0296-.0584-.046-.095-.0528-.6476-.1196-1.3148-.1542-1.9732-.1312-.1839.0061-.3809.0466-.5616.0007-.0323-.0102-.0645-.0267-.0834-.0546-.0637-.2367.077-.4667.1722-.6777.1536-.313.2617-.6536.2697-1.0008.0008-.0345.004-.0764-.0079-.1094-.0436-.1305-.2141-.1436-.3367-.1471-.2825-.0073-.5709.0747-.8528.0449-.0395-.0071-.083-.0199-.106-.0536-.0088-.1438.0966-.2728.1733-.3891.1662-.2325.3842-.4694.529-.715.0573-.0999.1123-.2087.1151-.3245.0008-.0481-.0108-.0972-.0371-.1385-.009-.0178-.0239-.0345-.0421-.0439-.0275-.0153-.0608-.0225-.0921-.0265-.1439-.0151-.2983.0066-.4421.0139-.0689.0021-.1411.0079-.2082-.0112-.0217-.0065-.0452-.0191-.054-.04-.0421-.422.2843-.8218.1876-1.2457-.0148-.0517-.0344-.105-.0696-.1476-.0216-.024-.0521-.0401-.0837-.049-.0562-.0156-.1173-.0141-.1751-.0091-.2196.0216-.4437.097-.6652.1041-.0509.0001-.1054.0002-.1539-.0151-.02-.0129-.028-.0363-.036-.057-.016-.0531-.0268-.1088-.0361-.1653v18.135c.1181-.0634.2338-.1313.3437-.2094.0287-.0446.039-.098.0409-.1496.0035-.152-.0496-.3029-.0609-.4537-.0033-.0502-.0022-.1028.0163-.1506.021-.0496.0579-.0935.1029-.1256.1871-.1228.4444-.1433.6591-.2005.1335-.0354.2806-.074.376-.1755.0539-.0577.0733-.1379.0635-.2135-.3042-.5365.4111-.8639.7929-1.1127.1235-.0803.2544-.1645.3494-.2757.0484-.0571.0866-.1264.0893-.2009.0041-.0918-.0456-.1768-.1057-.2455-.0782-.0845-.1711-.1662-.2773-.2177-.1928-.1084-.4305-.231-.523-.4348-.0622-.1469.0525-.2822.1695-.3674.2548-.184.5926-.3106.8767-.4489.0617-.0295.1384-.0642.1844-.1145.0532-.053.0888-.1205.1152-.1887.0724-.1991.1133-.4287.2773-.5828.1091-.1024.2546-.1708.3408-.2952.2188-.2953-.2191-.4979-.4472-.61-.2068-.1074-.5049-.2007-.657-.3736-.1181-.1627.0206-.3375.1506-.4475.2761-.2329.633-.4102.9144-.6369.129-.1016.2454-.2219.3167-.3673.1151-.1873.3341-.3606.4533-.5451.0349-.0557.0596-.1332,0-.1824-.0154-.0235-.0418-.0388-.0661-.0531-.2064-.1105-.459-.1564-.6526-.2889-.0267-.0212-.0563-.0499-.0521-.0856-.0094-.0223.0069-.044.0221-.06.1746-.1431.4114-.2435.5897-.4076.1592-.1397.2991-.324.3213-.5336-.0118-.0826-.0922-.1367-.1551-.1865Z\"/>\n  <path class=\"cls-6\" d=\"M27.9907,15.2112c-.1732-.1103-.3604-.2258-.5707-.2543-.0893-.0111-.184.0054-.2562.0585-.1132.0837-.1681.2178-.2142.3426-.1148.3125-.1602.6795-.3835.9438-.1773.1633-.4269-.002-.6139-.0611-.0836-.0251-.1774-.0335-.2592.0018-.0847.0361-.1424.1116-.1814.1892-.1934.4393-.1314.9424-.2578,1.3978-.0242.0803-.0552.1643-.1169.2258-.0784.0429-.1767.0334-.2521-.0108-.1637-.0967-.2866-.2533-.4215-.3818-.0755-.0741-.1602-.1486-.2471-.2106-.0715-.0457-.1348-.1033-.1911-.1657v25.0683c.0875.0633.1709.1314.2461.206.0986.0871.1583.209.1988.3291.0973.2898.0542.6038-.0302.8915-.081.3037-.2476.6578-.4147,1.0024v.5993c.3219-.086.6584-.1344.9828-.1967.038-.0083.0764-.0175.1108-.0359.0439-.0221.0697-.0652.0849-.1085.1539-.4521.2529-.963.6103-1.3177.8112-.6999,1.8638-.9548,2.9356-1.0884V15.7389c-.2682-.1442-.5062-.3641-.7588-.5278Z\"/>\n  <path class=\"cls-1\" d=\"M33.3644,14.6757c-.0138-.0176-.0194-.0364-.0219-.0587-.0247-.1908-.0261-.458-.0363-.654-.0159-.3845-.039-.7809-.1105-1.16-.0445-.2244-.1039-.4544-.2217-.6552-.0212-.031-.0747-.1281-.1106-.1353-.0202-.0039-.0408.0039-.0582.0134-.0811.0461-.1426.129-.2032.1955-.4254.5178-.753,1.125-1.2453,1.5912-.0598.0514-.1253.1022-.2012.13-.0593.0194-.1248.022-.1871.0209-.194-.0037-.3634-.1151-.4857-.251-.1041-.107-.1876-.2531-.3079-.3449-.0253-.0175-.0546-.0315-.0862-.0341-.0379-.0035-.0753.0107-.1059.031-.1309.0966-.2253.2344-.3043.3711-.1882.3349-.2873.7353-.464,1.0751-.1697.2721-.1184.6075-.2018.9029-.0136.0355-.0335.0765-.0752.0876-.0458.0103-.0994-.0185-.1408-.0348-.0162-.008-.0312-.0189-.0472-.0275v26.8969c.535-.0667,1.0745-.1053,1.5917-.1498.5379-.0471,1.0881-.1057,1.6156-.2166.2465-.0618.5047-.1888.7397-.2816.0533-.0243.123-.0379.1734-.0669.0392-.0241.0666-.0623.0827-.1034.0674-.1627-.0002-.3928.1327-.5269.0816-.0707.2009-.0754.3057-.0703.0276.0023.0552.0081.0828.0114V14.7134c-.0417.0005-.0829-.0052-.1094-.0377Z\"/>\n  <path class=\"cls-8\" d=\"M19.2576,21.4742c-.0644-.0822-.1388-.1621-.2248-.2244-.1241-.1013-.261-.2166-.3887-.3141-.1409-.1067-.2912-.2145-.451-.2944-.073-.035-.1518-.0687-.2345-.0735-.042-.0023-.0866.0066-.1187.0338-.04.0336-.0557.0853-.0626.1341-.0311.227-.0781.4612-.1516.6794-.0571.1731-.1408.3493-.1997.5217-.0761.2219-.1036.4617-.1104.6942-.0022.1784-.0059.373-.1087.5288-.04.06-.1086.1071-.1861.1019-.2154-.0391-.4388-.1017-.6577-.1227-.1056-.0097-.2187-.0196-.3213.0116-.0608.0175-.11.0648-.1196.1254-.0101.0539-.0006.1098.0118.1626.0347.1385.0991.2792.1542.4113.1312.2911.2506.6023.357.9018.0587.1405.1333.3106.1615.4585.0191.1042.0157.2177-.0421.311-.0253.0463-.0624.0731-.1177.0801-.0769.0103-.156-.0059-.2308-.0223-.2992-.0716-.5881-.2101-.8911-.2681-.0698-.0104-.1479-.0209-.2133.011-.0381.0185-.0569.0569-.0638.0955-.0452.2484.0524.4995.135.7319.1255.3351.3047.6813.4076,1.0237.0167.0559.0273.1169.0374.174.0024.0147.0029.0311.0011.0458-.005.0485-.0478.0717-.0954.0759-.146.0088-.2932-.0432-.4385-.0497-.093-.0065-.2058.0094-.2243.114-.0092.0772.028.1522.0589.2218.1266.259.3197.4963.4611.7476.0554.1273.1178.2539.2122.3601.1622.1996.4374.3282.5222.5795.0158.0467.0262.0972.0301.1462.0005.0121-.0009.0246-.0059.0359-.0134.0312-.0516.0443-.0843.0483-.2859.0134-.6072-.1026-.9109-.0857-.1182.0053-.2447.0277-.3349.106-.105.1918.0047.4126.0916.5916.1364.2681.3243.5264.4161.8131.0442.141.0538.3056-.039.4312-.1783.1046-.4287.1157-.5966.2419-.2151.1486-.0895.4068.0599.5528.195.1963.4664.3315.6715.5171.0884.081.169.1796.1931.2965.0358.1691-.0543.3335-.1574.4658-.1073.1313-.2445.2513-.2917.417-.1908.6257.9691,1.1153,1.3995,1.437.0761.057.1652.1134.2251.1863.0184.0254.0231.0604.0054.0872-.0647.0894-.2146.1281-.3168.1679-.1889.0752-.8735.2214-.513.4891.4672.3018,1.0728.4494,1.5986.6389.0822.0399.065.1406.0387.2091-.0986.2642-.3318.4974-.376.7794-.0083.0721.0243.1437.0944.1769.3243.1493.7111.1742,1.0589.2494.1299.0319.2756.062.3729.1557.04.0399.0565.0973.0448.1512-.0393.1627-.195.2754-.2981.4025-.0865.1062-.2073.2306-.228.3667-.009.1025.1227.1238.2047.1306.2419.0173.4955-.0008.736.0351.029.0047.058.0125.087.0178v-18.1661c-.0145-.0198-.0277-.0416-.0431-.0603Z\"/>\n  <path d=\"M33.2202,25.8929c.7072-.4697,1.3448-1.1666,1.8689-1.8151h0s-.0001,0-.0001,0c-.5173.5891-1.047,1.051-1.706,1.4989-.979.6655-2.2267,1.2812-2.8189,1.5346-.1238.053-.1384.0459-.1177-.1118.2827-2.1543.6787-4.7669.7486-9.591-.0149,1.0289-.8551,10.6832-2.2383,15.8824-.1595.5995-.2428.5167-.363.4345-.7177-.4903-1.4-1.0588-2.0241-1.6611-1.1078-1.0689-1.9126-1.8181-3.1214-3.2342-.77-.902-1.2974-1.6445-2.0651-2.5298.5609.7696,1.5206,2.1586,2.1155,2.8912,1.5295,1.8833,2.829,3.1148,4.5585,4.6846.1219.1106.3454.3298.4601.447.0101.0129.017.0282.0211.0438.0163.0738-.0084.1519-.0244.224-.2053.7636-.4119,1.4207-.6445,2.1774-.5982,1.9263-1.2467,3.8557-2.015,5.7253.0087-.001.0157-.011.0221-.0164.076-.0816.1521-.1868.2184-.2764.262-.348.773-1.1965.934-1.5946.3508-.8775,1.0152-2.7774,1.1347-2.9943.0442-.0569.1724-.1264.2459-.1491,1.9306-.5968,3.509-1.0423,5.3098-1.872.9912-.4854,1.8329-1.1055,2.7222-1.7432.713-.5267,1.485-1.2494,2.0825-1.8957v-.0002s-.0004,0-.0004,0c-1.3254,1.1696-2.7471,2.2696-4.3397,3.096-.8875.4498-1.8366.8095-2.7779,1.1441-1.1253.3901-2.7692.8489-2.9085.8804-.286.0646-.2083-.0559-.1183-.3383,1.1908-3.7347,1.4548-5.24,2.0117-9.0984\"/>\n  <path class=\"cls-5\" d=\"M32.8526,12.0115c.0036,0,.0073.0003.0109.001.0359.0072.0894.1043.1106.1353.1177.2007.1772.4307.2217.6552.0715.3792.0946.7755.1105,1.16.0102.196.0115.4632.0363.654.0024.0223.008.0411.0219.0587.0256.0312.0646.0377.1048.0377.0016,0,.0031,0,.0047,0,.0211-.0002.0425.0002.0618-.0028.1688-.028.3124-.1267.4682-.1871.0463-.0161.0964-.0289.1461-.0289.0202,0,.0403.0021.0602.0069.0542.0129.0988.0502.126.0958.0734.1281.0717.283.0709.4251-.0172.4904-.151.9972-.1934,1.4857-.0059.0957-.0122.1966.0118.2904.0107.038.0297.08.07.0965.2414.0592.492.0912.7422.0912.2014,0,.4025-.0207.5984-.0645.1725-.0326.3562-.1081.5317-.1235.0031,0,.0063-.0002.0094-.0002.0276,0,.056.0038.081.0153.0825.0396.1046.136.1216.215.0703.4732-.0326.9594-.0682,1.4315.001.0571.0371.1101.0914.1347.1732.0722.3754.0322.5583.0573.0894.0095.2018.0427.2104.1424-.0322.4818-.1685.9834-.1697,1.4678.0048.0794.0037.1707.0576.2361.0182.0189.0397.0263.0623.0263.0485,0,.1019-.0342.1379-.0613.1963-.1479.3153-.373.519-.5131.0438-.0289.0936-.0554.1479-.0579.003-.0002.0059-.0003.0089-.0003.059,0,.1087.0429.1363.0901.0863.1534.098.3377.1265.5124.0093.0566.0201.1122.0361.1653.0079.0207.016.044.0359.0569.0444.014.0939.0151.1409.0151.0044,0,.0087,0,.013,0,.2215-.0071.4457-.0825.6652-.1041.0232-.002.047-.0034.0708-.0034.0354,0,.0707.0032.1044.0125.0316.0089.0621.0249.0837.049.0352.0426.0548.0959.0696.1476.0967.424-.2297.8237-.1876,1.2457.0087.0209.0323.0336.054.04.0382.0109.0782.0137.1182.0137.0302,0,.0604-.0016.09-.0024.1082-.0055.2224-.0191.3336-.0191.0366,0,.0728.0015.1085.0052.0312.004.0645.0113.092.0266.0182.0095.0331.0261.0421.0439.0262.0413.0379.0904.0371.1384-.0029.1158-.0578.2247-.1151.3245-.1448.2456-.3629.4825-.529.715-.0767.1163-.1821.2453-.1733.3891.0231.0336.0666.0464.106.0535.0436.0046.0874.0065.1314.0065.2275,0,.4579-.0518.6849-.0518.0122,0,.0244.0002.0365.0005.1226.0035.293.0165.3367.1471.0119.033.0087.0748.0079.1093-.0079.3472-.1161.6878-.2697,1.0008-.0952.211-.236.441-.1722.6777.019.0278.0511.0443.0834.0546.0637.0162.1295.0217.196.0217.1221,0,.2466-.0184.3657-.0223.126-.0044.2522-.0067.3786-.0067.5343,0,1.0708.0411,1.5946.1379.0366.0068.0731.0232.0949.0528.0369.0511.0289.1179.017.1755-.0944.3436-.335.6541-.4543.9894-.0303.0879-.0567.1846-.0319.2763.0122.0331.0371.0607.0626.0854.0924.085.21.1509.3112.226.0629.0499.1433.1039.1551.1865-.0223.2097-.1621.3939-.3214.5336-.1783.1641-.415.2645-.5897.4076-.0152.0161-.0316.0378-.0222.0601-.0042.0357.0255.0644.0521.0856.1935.1324.4462.1784.6526.2889.0243.0143.0507.0296.066.0531.0596.0492.035.1267,0,.1824-.1191.1845-.3381.3578-.4532.5451-.0714.1453-.1877.2656-.3167.3673-.2814.2267-.6384.4041-.9144.6369-.1301.11-.2687.2849-.1506.4476.1521.1729.4502.2662.657.3736.228.1121.666.3147.4471.61-.0862.1245-.2317.1928-.3408.2952-.1641.154-.205.3836-.2773.5828-.0265.0682-.062.1356-.1152.1887-.046.0504-.1227.085-.1844.1145-.2841.1383-.6219.265-.8767.4489-.117.0853-.2317.2206-.1695.3674.0924.2038.3302.3264.5229.4348.1062.0515.1991.1332.2773.2177.0601.0687.1097.1537.1057.2455-.0026.0745-.0409.1438-.0892.2009-.095.1113-.226.1954-.3495.2757-.3818.2488-1.0971.5762-.7929,1.1127.0098.0756-.0095.1557-.0634.2134-.0955.1016-.2426.1401-.376.1755-.2147.0573-.472.0778-.6591.2006-.045.032-.0818.076-.1029.1256-.0185.0477-.0195.1003-.0163.1505.0113.1509.0644.3018.0609.4538-.0018.0516-.0121.105-.0408.1496-.1099.0781-.2256.1459-.3438.2094-.6596.3542-1.4321.5033-2.1624.6704l-.0073.0064c-.1171.1-.1471.243-.1149.3849.0397.2172.2191.4941.021.6837-.0675.0603-.158.0918-.2461.1144-.2473.0638-.5461.0543-.7838.1508-.0707.0319-.1485.0836-.1626.1619-.0177.1309.0409.261.0491.3907.0027.0427.0013.089-.0226.1266-.0457.0704-.1423.06-.2177.0634-.0108.0002-.0216.0003-.0325.0003-.3513,0-.6974-.1098-1.0448-.1509-.0276-.0032-.0552-.0091-.0828-.0114-.0182-.0009-.0367-.0015-.0555-.0015-.0895,0-.1827.0133-.2502.0718-.1329.1342-.0653.3642-.1327.5269-.0162.0411-.0436.0793-.0828.1034-.0504.0289-.1201.0426-.1734.0669-.235.0928-.4931.2198-.7397.2816-.5276.1108-1.0778.1694-1.6156.2166-.5173.0446-1.0568.0831-1.5917.1498-1.0718.1337-2.1244.3885-2.9356,1.0884-.3575.3546-.4564.8655-.6104,1.3176-.0152.0433-.0411.0865-.0849.1085-.0344.0184-.0728.0276-.1108.0359-.3243.0624-.6609.1107-.9828.1967v-.5993c.1671-.3445.3337-.6987.4147-1.0024.0845-.2877.1276-.6017.0302-.8915-.0405-.1201-.1002-.2419-.1988-.329-.0752-.0745-.1586-.1426-.2461-.206-.0779-.0563-.1588-.1091-.2416-.1562-.7991-.4517-1.7873-.5868-2.4962-1.1846-.1132-.0963-.2216-.2097-.3104-.3268-.1026-.1464-.2034-.298-.3415-.4171-.3623-.3262-.8513-.4821-1.3348-.5694-.029-.0052-.058-.013-.087-.0178-.2405-.0358-.4941-.0178-.736-.0351-.082-.0068-.2137-.0281-.2047-.1306.0208-.1362.1415-.2606.228-.3668.1031-.127.2588-.2397.298-.4025.0118-.0538-.0047-.1113-.0447-.1511-.0973-.0938-.243-.1238-.3729-.1558-.3478-.0753-.7346-.1001-1.0589-.2494-.0701-.0333-.1027-.1048-.0944-.1769.0442-.2821.2774-.5153.376-.7795.0264-.0685.0436-.1693-.0386-.2091-.5258-.1895-1.1315-.3372-1.5986-.639-.3605-.2677.3241-.4139.513-.4891.1022-.0399.2521-.0785.3168-.1679.0177-.0269.0131-.0618-.0054-.0873-.06-.0728-.149-.1293-.2251-.1863-.4304-.3217-1.5903-.8113-1.3995-1.437.0473-.1657.1844-.2856.2917-.417.1031-.1323.1932-.2967.1574-.4658-.024-.1168-.1047-.2155-.1931-.2964-.2051-.1857-.4765-.3208-.6716-.5171-.1494-.1461-.275-.4043-.0599-.5529.1679-.1261.4183-.1372.5966-.2418.0928-.1256.0833-.2903.0391-.4312-.0918-.2867-.2797-.545-.4161-.8132-.0869-.179-.1967-.3997-.0916-.5916.0902-.0782.2167-.1006.3349-.106.0207-.0012.0415-.0017.0623-.0017.2681,0,.5471.0885.801.0885.016,0,.0318-.0004.0476-.0011.0327-.004.0709-.0171.0844-.0483.0049-.0113.0063-.0237.0059-.0359-.0038-.0489-.0143-.0995-.0301-.1461-.0848-.2513-.36-.3799-.5222-.5795-.0944-.1061-.1569-.2327-.2122-.36-.1414-.2513-.3345-.4887-.4611-.7476-.0309-.0696-.0681-.1446-.0589-.2218.0162-.0918.1051-.1153.1895-.1153.0118,0,.0235.0005.0349.0013.134.006.2697.0508.4045.0508.0113,0,.0226-.0003.034-.001.0475-.0042.0904-.0275.0954-.0759.0018-.0146.0013-.0311-.0011-.0458-.0101-.0571-.0207-.1181-.0374-.174-.1028-.3424-.282-.6886-.4075-1.0237-.0826-.2325-.1802-.4835-.135-.7319.0068-.0386.0257-.077.0638-.0955.0329-.0161.069-.0214.1056-.0214.0362,0,.073.0052.1076.0103.303.058.5919.1965.8911.2681.0585.0128.1196.0255.1802.0255.0169,0,.0338-.001.0506-.0032.0553-.007.0924-.0338.1177-.0801.0577-.0933.0612-.2068.0421-.311-.0282-.1479-.1028-.3181-.1615-.4586-.1064-.2995-.2258-.6107-.357-.9018-.0551-.1321-.1196-.2728-.1542-.4113-.0124-.0528-.0219-.1087-.0118-.1626.0096-.0607.0588-.1079.1196-.1254.0524-.0159.1075-.0211.163-.0211.0532,0,.1067.0048.1583.0096.2189.0209.4423.0835.6577.1227.0039.0002.0077.0004.0116.0004.0728,0,.1366-.0454.1746-.1024.1028-.1558.1065-.3503.1087-.5287.0068-.2325.0342-.4723.1104-.6942.0588-.1725.1426-.3487.1997-.5217.0735-.2182.1204-.4525.1516-.6794.0068-.0488.0226-.1005.0626-.1341.0289-.0244.0679-.0341.1061-.0341.0042,0,.0085,0,.0126.0003.0827.0048.1614.0385.2345.0735.1598.08.3101.1877.451.2945.1277.0975.2646.2127.3887.314.086.0623.1604.1422.2248.2244.0154.0187.0286.0405.043.0602.0851.1161.1605.2449.2652.3428.0203.0162.0446.0315.0719.0321.0007,0,.0013,0,.002,0,.0231,0,.0442-.0124.0599-.0276.0861-.0962.1219-.2503.153-.3713.0325-.1702-.0114-.4181-.0099-.59-.001-.125.0126-.2539.0565-.3724.0418-.1235.1363-.2241.1789-.3474.0945-.2449.095-.5144.1282-.7704.0154-.0828.0297-.2215.1392-.2244.0525.0028.1037.026.1522.0433.2939.1205.5856.2953.885.4041.0433.0127.1032.0358.1549.0358.021,0,.0407-.0038.0574-.0137.0215-.0152.0202-.0443.0214-.0673-.0123-.3891-.0793-.7951-.0851-1.1848-.0025-.1969-.0046-.4041.053-.5948.0115-.0345.0238-.077.0663-.0856.0092-.002.0185-.003.0278-.003.0291,0,.0583.0087.0854.0177.2288.0891.4444.2638.6559.3834.0878.051.1824.1052.2835.1272.0131.0023.0267.004.0402.004.0156,0,.0312-.0022.0456-.0081.0175-.007.0322-.0207.0413-.0366.0562-.1219.0942-.2627.1344-.3898.0948-.3112.1803-.6514.3427-.9384.0479-.0798.1051-.1599.1852-.2134.0106-.0066.0233-.0106.0361-.0106.0035,0,.0069.0003.0103.0009.0179.003.0341.0124.0482.0229.0585.0423.0964.1143.1379.1705.0804.1328.1762.2749.2747.3947.0071.0086.018.0137.0255.0221.0563.0624.1196.12.1911.1657.0869.062.1716.1365.247.2106.1349.1284.2578.285.4215.3818.042.0247.0912.0385.1401.0385.0388,0,.0773-.0087.112-.0277.0617-.0616.0927-.1456.1169-.2259.1263-.4554.0644-.9584.2578-1.3978.0389-.0776.0967-.1531.1814-.1892.0387-.0168.0801-.0237.1217-.0237.0465,0,.0934.0086.1375.0218.1283.0406.2862.1312.43.1312.0656,0,.1283-.0189.1839-.0701.2233-.2642.2687-.6313.3835-.9437.0461-.1248.101-.259.2142-.3427.0582-.0428.1309-.0618.2036-.0618.0176,0,.0352.0011.0526.0033.2103.0284.3975.144.5707.2543.2526.1636.4906.3836.7588.5278.016.0086.031.0195.0472.0275.0353.0139.0796.037.1203.037.0069,0,.0137-.0007.0204-.0022.0417-.0112.0616-.0521.0752-.0876.0834-.2955.0321-.6309.2018-.9029.1767-.3398.2758-.7403.464-1.0751.079-.1367.1733-.2745.3043-.3712.0275-.0182.0605-.0315.0943-.0315.0038,0,.0077.0002.0116.0005.0316.0026.0609.0167.0862.0341.1202.0919.2037.2379.3079.345.1223.1359.2917.2473.4857.251.0074.0001.0148.0002.0222.0002.0555,0,.1125-.004.1648-.0211.0759-.0278.1414-.0786.2012-.13.4923-.4662.8199-1.0734,1.2453-1.5912.0607-.0665.1222-.1494.2032-.1955.0143-.0078.0307-.0145.0473-.0145M32.8528,11.6146h-.0002c-.0663,0-.1787.031-.2369.0627-.1298.0738-.2138.1703-.2752.2408-.0046.005-.0408.0461-.0451.0514-.1673.2036-.3202.4202-.4732.6375-.2372.3369-.4612.6551-.7384.9175-.0389.0328-.0587.0432-.0648.0455-.1007-.0043-.1748-.049-.2412-.1229-.0419-.0435-.0703-.0809-.0994-.1181-.0665-.0848-.1494-.1903-.2624-.2767-.1031-.0716-.1968-.1062-.2944-.1143-.0041,0-.0081,0-.0121,0-.147,0-.2522.0337-.346.0959-.2143.1575-.3407.3511-.4286.5034-.1167.2076-.198.421-.2766.6273-.0604.1586-.1199.3172-.1958.4632-.1177.1867-.1553.406-.1776.5982-.0498-.0362-.1002-.0743-.1516-.1132-.1084-.0819-.2164-.1631-.3267-.2346-.1828-.1164-.4295-.2734-.7334-.3145-.0379-.0047-.0718-.0068-.1058-.0068-.1633,0-.315.048-.4386.1389-.2166.1601-.3043.3974-.3515.5248-.0368.1003-.0674.2049-.0977.3103-.0457.1586-.0894.3103-.1564.4275-.0318-.0114-.0683-.0263-.0949-.0372-.0546-.0222-.1074-.0433-.1566-.0588-.0909-.0273-.1755-.0403-.257-.0403-.099,0-.193.0189-.2793.0563-.1575.067-.2892.1972-.3786.3755-.1454.329-.1771.6536-.205.94-.0121.124-.0238.2435-.0428.3561-.0154-.0157-.0309-.0318-.0466-.0482-.0416-.0432-.0831-.086-.1255-.1264-.0854-.084-.1867-.1724-.2902-.2462-.0521-.0339-.0892-.0666-.1268-.1083-.0086-.0096-.0207-.0213-.0333-.0326-.0705-.0885-.1472-.2003-.2223-.3242l-.042-.0619c-.0406-.0604-.1021-.1517-.2027-.2245-.063-.0472-.1373-.0798-.2155-.0928-.0216-.0036-.0537-.0063-.0756-.0063-.0739,0-.1824.0312-.2452.0702-.1615.1075-.2532.2412-.3164.3465-.1636.2888-.256.6015-.3374.8774l-.0446.1495-.0146.0474c-.055-.0331-.1084-.0682-.1624-.1035-.1475-.0964-.3146-.2057-.5002-.278-.0718-.0244-.1438-.0448-.2294-.0448-.0292,0-.0861.0062-.1146.0126-.1135.0229-.2751.1028-.3548.3438-.0804.2653-.0771.5223-.0745.7289.0033.2174.024.4387.0452.6596.0015.0154.003.0309.0044.0463-.0406-.0198-.0809-.0397-.1211-.0596-.1384-.0683-.2764-.136-.4147-.1927-.0938-.0353-.1776-.0669-.2815-.0724-.1902.0037-.4682.0782-.5473.5301-.0158.1107-.0228.1829-.0297.2553-.0163.1711-.0317.3327-.0819.4628-.012.0339-.0362.0735-.0575.1085-.0409.067-.0918.1505-.127.2545-.0525.1412-.079.3092-.0774.503-.0005.0484.0025.1069.0068.1693-.0598-.0626-.1222-.1176-.1872-.1646l-.0749-.0625c-.1008-.083-.2059-.1694-.3056-.2455-.1554-.1177-.3243-.2389-.5142-.3339-.1113-.0534-.2391-.106-.389-.1148-.0019,0-.0038,0-.0056,0-.169,0-.2959.0453-.3924.127-.1093.092-.1767.2207-.1993.382-.032.2334-.0773.4375-.1346.6079-.0278.0841-.0616.1666-.0951.249-.0369.0908-.0735.1815-.1041.2713-.0792.2309-.1223.4963-.1314.8108-.0009.0711-.0019.1497-.0108.2144-.01-.0022-.02-.0043-.03-.0065-.1586-.0344-.3191-.0682-.4773-.0833-.0648-.006-.1306-.0114-.196-.0114-.1025,0-.1935.0125-.2782.0382-.2057.0592-.3634.2339-.3964.4433-.0221.1173-.0024.2307.0174.3152.0378.1515.0961.2888.1475.41l.0268.0634c.1164.2588.2292.5439.3493.8818.0025.007.0208.0513.0237.0582.0282.0671.0605.1443.0856.2156-.0778-.0237-.1571-.0514-.2365-.0789-.1722-.0596-.3504-.1212-.5445-.1583-.0697-.0107-.1264-.0175-.1822-.0175-.102,0-.1962.0208-.28.0618-.1473.0715-.2498.2112-.2802.3827-.0614.3375.0493.6473.1383.8962.0677.1828.1283.3232.1893.4645.0465.1075.0916.2119.132.3139-.0013,0-.0026-.0001-.0039-.0002-.0059-.0003-.0468-.0016-.0527-.0016-.3705,0-.5441.2386-.5803.443-.0248.2025.041.3494.0804.4372.0966.1995.1993.3534.2986.5023.0649.0973.13.1942.186.2937.0455.1099.1284.2796.2616.4292.0188.0233.0393.0461.0607.0683-.0495-.0041-.0999-.0065-.1507-.0065l-.0844.0023c-.2397.0109-.4283.0771-.5728.2023-.0357.0309-.0655.0679-.0882.1093-.2021.3692-.0258.732.0795.9488.0557.11.111.2056.1667.3015.0946.1629.1839.3168.2317.4659.002.0064.0037.0125.0052.0183-.0166.0051-.0336.0101-.0504.0151-.1344.0397-.3016.0892-.4509.2013-.1539.1059-.2548.2757-.2712.4687-.0197.2311.0895.4873.292.6852.1275.1283.2729.2287.4135.3257.0936.0646.1877.1281.2691.2018.0566.0519.0696.0805.0712.0844-.0012.0002-.008.0446-.0822.1397l-.0626.0717c-.1055.1187-.2367.2665-.2978.4803-.2363.7747.6291,1.2987,1.2017,1.6454.0323.0196.064.0387.0946.0573-.2663.0937-.5569.2354-.6079.5446-.0196.1188-.0123.3479.2569.5478.4127.2677.8632.4152,1.2988.5579.0329.0108.0657.0215.0984.0323-.0097.016-.0196.0322-.0296.0485-.1048.171-.2235.3647-.2618.6089-.0302.2597.0977.4931.3162.5968.2804.1291.5809.1795.8461.224.089.0149.1774.0296.2636.0473-.0242.0261-.0475.0523-.0691.0789l-.0357.0429c-.1021.1215-.242.2879-.2765.5142-.0145.1563.0252.2831.1088.3823.1501.1781.3798.1973.4553.2036.1081.0078.2137.0094.3195.0108.1313.0017.2632.0023.3909.0213l.0748.0157c.5166.0933.8895.2483,1.1399.4738.0951.0821.1731.1939.2557.3122.003.0043.032.0456.0351.0498.1049.1383.2326.2729.3695.3894.4757.4012,1.0377.6086,1.5811.8091.35.1292.6806.2512.9769.4187.0692.0394.138.0844.2043.1323.0706.0512.1385.106.1994.1664.0374.0339.0692.0764.1021.1739.0562.1674.0449.3812-.0349.653-.0742.2777-.2337.6167-.391.941-.0262.054-.0398.1132-.0398.1732v.5993c0,.1233.0573.2397.1552.3148.0701.0538.1552.0821.2417.0821.0342,0,.0686-.0044.1024-.0135.2187-.0584.4446-.0981.6682-.1379l.2871-.0525c.0549-.0119.138-.0302.2232-.0758.0822-.0412.205-.136.272-.327.032-.094.0608-.1868.0897-.2803.1066-.3448.2074-.6704.4257-.887.762-.6562,1.7965-.863,2.7052-.9764.4142-.0516.8312-.0861,1.2382-.1198l.3385-.0284c.5339-.0468,1.1045-.1062,1.6631-.2236.2205-.0549.4161-.138.6053-.2184.0675-.0287.1339-.0569.1986-.0825l.0521-.0192c.046-.0151.109-.0358.1733-.0727.1203-.0738.2048-.1762.2543-.3021.0493-.119.0576-.2398.0643-.3368.0001-.002.0003-.0041.0004-.0062l.0409.0059c.1231.0146.2464.0389.3699.063.2293.0446.4664.0907.7212.0907.0059,0,.0442-.0004.0501-.0007.1207-.0022.379-.0066.5329-.2438.099-.156.089-.3151.0857-.3674-.004-.0638-.0156-.1275-.0291-.1912.0749-.0169.1632-.028.2549-.0394.1289-.0161.2567-.0332.3745-.0637.1107-.0284.2745-.0804.4113-.2027.3374-.3224.205-.7301.1414-.926-.0112-.0344-.0229-.0678-.0309-.0999l.0487-.011c.6838-.1537,1.3909-.3127,2.0279-.6548.1326-.0711.2623-.1477.3858-.2354.0413-.0293.0766-.0663.104-.1089.0641-.0996.0989-.2174.1036-.3502.0032-.1349-.0189-.2496-.0383-.3509-.0061-.0317-.0126-.0634-.0174-.0951.0685-.0259.1699-.047.2688-.0674.0719-.0149.1429-.0298.2101-.0477.1657-.0439.3903-.1035.5629-.2872.1329-.1423.1937-.3375.1678-.5364-.0066-.0508-.023-.0999-.0483-.1445-.0496-.0875.0126-.1852.4908-.4765.0618-.0376.1206-.0735.1735-.108.146-.0948.304-.1976.4346-.3504.1153-.1362.1786-.2895.1841-.4447.0055-.123-.0252-.3169-.2036-.5207-.136-.147-.2653-.2469-.403-.3136-.0819-.0463-.1802-.1014-.25-.1539.1463-.0967.336-.1825.5201-.2657.0869-.0393.1725-.0781.2539-.1177.0885-.0422.2085-.0994.3038-.2038.073-.0721.1401-.1788.192-.3125.0207-.0566.0367-.1066.0527-.157.0377-.1185.0733-.2304.1263-.2801.0295-.0277.0634-.0511.0966-.0753.0923-.0672.2071-.1508.2988-.2834.1146-.1543.1573-.3455.1129-.5281-.0871-.3581-.4653-.5434-.6912-.6542-.0754-.0387-.1463-.0707-.2196-.1034-.0608-.0272-.1331-.0594-.1963-.0926.1182-.0955.2582-.1851.4058-.2796.1638-.1049.327-.2103.4721-.3272.1941-.153.3338-.3179.424-.5014.0201-.0293.0942-.1085.1659-.1851.0921-.0984.1873-.2001.2645-.3196.1477-.2352.1289-.495-.0404-.6669-.0584-.0676-.1227-.1054-.157-.1255-.0608-.0327-.1203-.06-.1792-.0845.0518-.0374.1034-.0783.1531-.124.2601-.2281.4172-.5013.4472-.7837.0034-.0326.0029-.0655-.0018-.098-.0332-.2329-.203-.3649-.2846-.4283-.0682-.0516-.1118-.081-.1557-.1104-.0248-.0166-.05-.033-.0743-.0501.0425-.1194.1119-.2486.1853-.3854.1046-.1949.2128-.3964.2765-.6281.0208-.0961.066-.3139-.078-.5131-.0812-.1104-.2025-.1841-.3437-.2104-.5199-.096-1.0806-.1446-1.6674-.1446-.1311,0-.2619.0024-.3925.007-.0576.0019-.1171.0067-.1771.0118-.0022.0002-.0043.0004-.0065.0005.0125-.0275.0256-.0548.0379-.0807l.0484-.1034c.1918-.3905.2962-.783.3047-1.1549.0018-.0602.0047-.1531-.0314-.2532-.086-.2577-.3221-.3983-.6987-.409h-.0116c-.1147,0-.2095.0061-.2979.0145.0089-.0112.0178-.0225.0267-.0338.1242-.1566.2526-.3186.3568-.4953.0824-.1436.165-.3136.17-.5163.0022-.132-.032-.2558-.0989-.3611-.0274-.0589-.1034-.1363-.1944-.1835-.0581-.0324-.1346-.0563-.2239-.0678-.0586-.0063-.1087-.0085-.1592-.0085-.0489,0-.0983.0022-.1476.0052.0099-.0332.0206-.067.0314-.1013.076-.2415.1705-.542.0949-.8733-.0272-.097-.0659-.2097-.1507-.3122-.0811-.0908-.1752-.1482-.2827-.1783-.0661-.0184-.135-.0272-.2113-.0272-.0352,0-.0705.002-.1049.0049-.1142.0112-.2248.033-.3356.0556-.0489.0099-.0977.0204-.1465.0289-.0228-.1574-.0537-.3487-.1554-.5294-.1069-.1826-.2903-.2923-.4822-.2923-.2009.0087-.3322.0953-.3754.1238-.0398.0273-.0764.0558-.1104.0848.0103-.0704.0216-.1417.033-.2141.0354-.2247.0701-.4488.0849-.6689.0014-.0202.0012-.0405-.0006-.0606-.0187-.2161-.1766-.4616-.5637-.5029-.072-.0101-.1591-.0118-.2466-.0123-.0086,0-.0174-.0001-.0262-.0002.0049-.0436.0101-.0889.0153-.1343.0418-.367.0851-.7466.0266-1.1404-.0281-.1344-.0832-.39-.3423-.5144-.0813-.0372-.164-.0544-.2529-.0544-.1854.014-.3175.0514-.4341.0844-.0611.0173-.1217.035-.1808.0461-.1759.0391-.3481.0576-.5247.0576-.142,0-.2856-.0118-.4292-.0352.0004-.0068.0008-.0135.0012-.0201.017-.1949.0517-.4015.0861-.6087.0479-.2886.0974-.5871.108-.8889.0012-.1852.0025-.4168-.1232-.6362-.0874-.1465-.224-.2479-.3786-.2847-.0477-.0116-.0994-.0176-.1519-.0176-.0878,0-.1784.0167-.2768.051-.0596.0229-.1107.0461-.1599.0695-.0009-.0253-.0018-.0504-.0026-.0752l-.008-.2007c-.0151-.3657-.0381-.7953-.1169-1.213-.0482-.2432-.1173-.5231-.2693-.7823-.0803-.1278-.1785-.2842-.3748-.3236-.0256-.0051-.0626-.0088-.0888-.0088h0Z\"/>\n  <g>\n    <path d=\"M11.0307,15.3509c.0986.1968.1509.4199.1445.6113-.0044.2432-.106.5005-.2568.7246-.188.2783-.4121.4604-.7451.5249-.3335.0645-.6958-.0205-1.0093-.2319-.3232-.2183-.5596-.5444-.6357-.9141-.0566-.2915-.0112-.5942.1899-.8931.2251-.333.5137-.4497.7266-.4868.46-.0806.8647.1567,1.0835.3042l.0601.04-1.0142,1.5024c.1562.0908.3691.1401.5439.1064.1914-.0371.3057-.1631.3862-.2827.0903-.1343.1279-.2539.1201-.4038-.0073-.1279-.0483-.2495-.0977-.3481l.5039-.2534ZM9.8544,15.2591c-.1279-.0571-.2642-.0698-.3843-.042-.103.0244-.2334.0884-.3408.2476-.1143.1694-.1182.3257-.0972.4341.0176.1133.0801.2349.168.3306l.6543-.9702Z\"/>\n    <path d=\"M9.914,11.3929c.3569-.3726.6284-.561.9888-.5815.2969-.0146.5537.0898.792.3184.1128.1079.2134.2373.2598.4146.0503.1729.0234.3135-.0083.4077.0625-.04.2808-.1719.5649-.1738.314.002.5464.1582.7241.3281.208.1992.3228.4092.3374.689.0229.4619-.2827.8589-.4941,1.0801l-.6934.7236-2.8906-2.7681.4194-.438ZM11.1616,12.5799l.1289-.1343c.1035-.1084.2319-.2681.2319-.4678,0-.1909-.1221-.3325-.2217-.4282-.0864-.083-.2031-.1694-.377-.1616-.1909.0083-.3242.1216-.4443.2476l-.1455.1514.8276.793ZM12.3925,13.7586l.2573-.2686c.1201-.126.2896-.3462.3066-.5459.0137-.1528-.0537-.3257-.1836-.4502-.1172-.1118-.2715-.1768-.4155-.1733-.2334.0093-.4165.1743-.5659.3306l-.2656.2773.8667.8301Z\"/>\n    <path d=\"M13.2914,8.3172c.3916-.2881.6787-.4248.9897-.4375.5273-.0225.8374.3384.9404.4785.3413.4644.3047,1.0127-.0547,1.4263l2.0195.6387-.5952.4375-1.8945-.6416-.0869.064.9707,1.3208-.4932.3628-2.3716-3.2266.5757-.4229ZM14.2968,9.8577l.1548-.1138c.1357-.0996.6763-.5195.2993-1.0322-.334-.4546-.7964-.1816-1.0386-.0039l-.1689.1245.7534,1.0254Z\"/>\n    <path d=\"M18.7563,5.7489l-1.4326.7065.4487.9102,1.3896-.6851.2549.5171-1.3896.6851.5576,1.1309,1.4326-.7061.2549.5171-1.9819.9771-1.771-3.5928,1.9819-.9771.2549.5171Z\"/>\n    <path d=\"M20.6933,4.4012l1.832,2.3784.314-2.9858.6343-.1797-.5479,4.5786-2.8667-3.6118.6343-.1797Z\"/>\n    <path d=\"M27.6118,3.6976l-1.5913.146.0928,1.0112,1.5435-.1421.0527.5742-1.5435.1421.1157,1.2559,1.5908-.146.0527.5742-2.2012.2021-.3662-3.9897,2.2012-.2021.0527.5742Z\"/>\n    <path d=\"M30.6787,3.7772l-.2178,3.4155-.6099-.0391.2178-3.415-.915-.0586.0366-.5742,2.4404.1558-.0366.5742-.9155-.0586Z\"/>\n    <path d=\"M36.3476,4.2728c.4897.1626.7764.3271.9492.644.1406.2617.1558.5386.0518.8516-.0493.1479-.123.2939-.2632.4116-.1348.1196-.2729.1558-.3716.1675.0625.0396.2749.1797.3984.4355.1328.2847.0913.5615.0142.7949-.0908.2729-.2314.4668-.4775.5996-.4077.2183-.897.1128-1.1875.0161l-.9502-.3159,1.2617-3.7964.5747.1914ZM35.2729,7.5243l.353.1172c.165.0552.4365.1138.624.0435.144-.0532.271-.188.3281-.3589.0508-.1538.043-.3203-.0215-.4492-.1084-.207-.3359-.3018-.541-.3696l-.3643-.1211-.3784,1.1382ZM35.8105,5.908l.1763.0586c.1426.0474.3418.0947.5215.0093.1729-.082.2485-.2524.292-.3838.0381-.1138.0664-.2559-.0156-.4097-.0894-.1685-.2485-.2402-.4136-.2954l-.1992-.0659-.3613,1.0869Z\"/>\n    <path d=\"M40.6035,9.5096l-1.4873-.8438-.8579.624-.5737-.3257,3.8223-2.7012-.4409,4.6196-.5737-.3257.1113-1.0474ZM40.6733,8.887l.1523-1.4722-1.2061.8745,1.0537.5977Z\"/>\n    <path d=\"M42.0053,11.5897l2.8789-3.1504.0918,4.2007,1.8682-2.0444.4512.4126-2.8628,3.1328-.0918-4.2007-1.8843,2.062-.4512-.4126Z\"/>\n    <path d=\"M47.7783,16.5828l-.9741-1.4043-1.043.1904-.376-.5425,4.6143-.7769-2.3994,3.9707-.376-.542.5542-.8955ZM48.1113,16.0526l.7754-1.2603-1.4658.2646.6904.9956Z\"/>\n  </g>\n  <path class=\"cls-4\" d=\"M37.9266,19.8921c-.0543.0025-.1042.0291-.1479.058-.2038.14-.3228.3651-.5191.513-.0528.0397-.1427.0947-.2002.0351-.0539-.0655-.0528-.1568-.0576-.2361.0013-.4844.1375-.986.1697-1.4679-.0086-.0997-.121-.1329-.2104-.1424-.1829-.0252-.3851.0149-.5583-.0573-.0542-.0246-.0904-.0776-.0913-.1347.0356-.4721.1385-.9582.0682-1.4314-.017-.079-.0392-.1754-.1216-.215-.0279-.0128-.0599-.016-.0905-.0151-.1756.0154-.3593.0909-.5317.1235-.4393.0982-.905.0802-1.3406-.0267-.0403-.0166-.0593-.0586-.07-.0965-.024-.0938-.0176-.1947-.0118-.2904.0424-.4885.1762-.9952.1934-1.4857.0008-.1422.0024-.297-.0709-.4251-.0272-.0456-.0718-.0829-.126-.0958-.0688-.0166-.1412-.0007-.2064.022-.1558.0604-.2994.1591-.4682.187-.0193.003-.0407.0026-.0618.0028v26.5183c.3581.0424.7148.1578,1.0772.1507.0753-.0034.1721.007.2177-.0634.0239-.0376.0252-.0839.0226-.1265-.0083-.1297-.0668-.2599-.0491-.3907.0141-.0783.0918-.13.1626-.1619.2376-.0965.5364-.0869.7838-.1507.0881-.0226.1785-.0541.2461-.1144.1981-.1895.0188-.4664-.021-.6836-.0322-.1419-.0021-.285.1149-.3849l.0073-.0064c.7302-.1671,1.5028-.3161,2.1624-.6704v-18.135c-.0285-.1746-.0401-.359-.1265-.5124-.029-.0495-.0822-.0943-.1452-.0898Z\"/>\n  <path class=\"cls-5\" d=\"M32.8526,12.0115c.0036,0,.0073.0003.0109.001.0359.0072.0894.1043.1106.1353.1177.2007.1772.4307.2217.6552.0715.3792.0946.7755.1105,1.16.0102.196.0115.4632.0363.654.0024.0223.008.0411.0219.0587.0256.0312.0646.0377.1048.0377.0016,0,.0031,0,.0047,0,.0211-.0002.0425.0002.0618-.0028.1688-.028.3124-.1267.4682-.1871.0463-.0161.0964-.0289.1461-.0289.0202,0,.0403.0021.0602.0069.0542.0129.0988.0502.126.0958.0734.1281.0717.283.0709.4251-.0172.4904-.151.9972-.1934,1.4857-.0059.0957-.0122.1966.0118.2904.0107.038.0297.08.07.0965.2414.0592.492.0912.7422.0912.2014,0,.4025-.0207.5984-.0645.1725-.0326.3562-.1081.5317-.1235.0031,0,.0063-.0002.0094-.0002.0276,0,.056.0038.081.0153.0825.0396.1046.136.1216.215.0703.4732-.0326.9594-.0682,1.4315.001.0571.0371.1101.0914.1347.1732.0722.3754.0322.5583.0573.0894.0095.2018.0427.2104.1424-.0322.4818-.1685.9834-.1697,1.4678.0048.0794.0037.1707.0576.2361.0182.0189.0397.0263.0623.0263.0485,0,.1019-.0342.1379-.0613.1963-.1479.3153-.373.519-.5131.0438-.0289.0936-.0554.1479-.0579.003-.0002.0059-.0003.0089-.0003.059,0,.1087.0429.1363.0901.0863.1534.098.3377.1265.5124.0093.0566.0201.1122.0361.1653.0079.0207.016.044.0359.0569.0444.014.0939.0151.1409.0151.0044,0,.0087,0,.013,0,.2215-.0071.4457-.0825.6652-.1041.0232-.002.047-.0034.0708-.0034.0354,0,.0707.0032.1044.0125.0316.0089.0621.0249.0837.049.0352.0426.0548.0959.0696.1476.0967.424-.2297.8237-.1876,1.2457.0087.0209.0323.0336.054.04.0382.0109.0782.0137.1182.0137.0302,0,.0604-.0016.09-.0024.1082-.0055.2224-.0191.3336-.0191.0366,0,.0728.0015.1085.0052.0312.004.0645.0113.092.0266.0182.0095.0331.0261.0421.0439.0262.0413.0379.0904.0371.1384-.0029.1158-.0578.2247-.1151.3245-.1448.2456-.3629.4825-.529.715-.0767.1163-.1821.2453-.1733.3891.0231.0336.0666.0464.106.0535.0436.0046.0874.0065.1314.0065.2275,0,.4579-.0518.6849-.0518.0122,0,.0244.0002.0365.0005.1226.0035.293.0165.3367.1471.0119.033.0087.0748.0079.1093-.0079.3472-.1161.6878-.2697,1.0008-.0952.211-.236.441-.1722.6777.019.0278.0511.0443.0834.0546.0637.0162.1295.0217.196.0217.1221,0,.2466-.0184.3657-.0223.126-.0044.2522-.0067.3786-.0067.5343,0,1.0708.0411,1.5946.1379.0366.0068.0731.0232.0949.0528.0369.0511.0289.1179.017.1755-.0944.3436-.335.6541-.4543.9894-.0303.0879-.0567.1846-.0319.2763.0122.0331.0371.0607.0626.0854.0924.085.21.1509.3112.226.0629.0499.1433.1039.1551.1865-.0223.2097-.1621.3939-.3214.5336-.1783.1641-.415.2645-.5897.4076-.0152.0161-.0316.0378-.0222.0601-.0042.0357.0255.0644.0521.0856.1935.1324.4462.1784.6526.2889.0243.0143.0507.0296.066.0531.0596.0492.035.1267,0,.1824-.1191.1845-.3381.3578-.4532.5451-.0714.1453-.1877.2656-.3167.3673-.2814.2267-.6384.4041-.9144.6369-.1301.11-.2687.2849-.1506.4476.1521.1729.4502.2662.657.3736.228.1121.666.3147.4471.61-.0862.1245-.2317.1928-.3408.2952-.1641.154-.205.3836-.2773.5828-.0265.0682-.062.1356-.1152.1887-.046.0504-.1227.085-.1844.1145-.2841.1383-.6219.265-.8767.4489-.117.0853-.2317.2206-.1695.3674.0924.2038.3302.3264.5229.4348.1062.0515.1991.1332.2773.2177.0601.0687.1097.1537.1057.2455-.0026.0745-.0409.1438-.0892.2009-.095.1113-.226.1954-.3495.2757-.3818.2488-1.0971.5762-.7929,1.1127.0098.0756-.0095.1557-.0634.2134-.0955.1016-.2426.1401-.376.1755-.2147.0573-.472.0778-.6591.2006-.045.032-.0818.076-.1029.1256-.0185.0477-.0195.1003-.0163.1505.0113.1509.0644.3018.0609.4538-.0018.0516-.0121.105-.0408.1496-.1099.0781-.2256.1459-.3438.2094-.6596.3542-1.4321.5033-2.1624.6704l-.0073.0064c-.1171.1-.1471.243-.1149.3849.0397.2172.2191.4941.021.6837-.0675.0603-.158.0918-.2461.1144-.2473.0638-.5461.0543-.7838.1508-.0707.0319-.1485.0836-.1626.1619-.0177.1309.0409.261.0491.3907.0027.0427.0013.089-.0226.1266-.0457.0704-.1423.06-.2177.0634-.0108.0002-.0216.0003-.0325.0003-.3513,0-.6974-.1098-1.0448-.1509-.0276-.0032-.0552-.0091-.0828-.0114-.0182-.0009-.0367-.0015-.0555-.0015-.0895,0-.1827.0133-.2502.0718-.1329.1342-.0653.3642-.1327.5269-.0162.0411-.0436.0793-.0828.1034-.0504.0289-.1201.0426-.1734.0669-.235.0928-.4931.2198-.7397.2816-.5276.1108-1.0778.1694-1.6156.2166-.5173.0446-1.0568.0831-1.5917.1498-1.0718.1337-2.1244.3885-2.9356,1.0884-.3575.3546-.4564.8655-.6104,1.3176-.0152.0433-.0411.0865-.0849.1085-.0344.0184-.0728.0276-.1108.0359-.3243.0624-.6609.1107-.9828.1967v-.5993c.1671-.3445.3337-.6987.4147-1.0024.0845-.2877.1276-.6017.0302-.8915-.0405-.1201-.1002-.2419-.1988-.329-.0752-.0745-.1586-.1426-.2461-.206-.0779-.0563-.1588-.1091-.2416-.1562-.7991-.4517-1.7873-.5868-2.4962-1.1846-.1132-.0963-.2216-.2097-.3104-.3268-.1026-.1464-.2034-.298-.3415-.4171-.3623-.3262-.8513-.4821-1.3348-.5694-.029-.0052-.058-.013-.087-.0178-.2405-.0358-.4941-.0178-.736-.0351-.082-.0068-.2137-.0281-.2047-.1306.0208-.1362.1415-.2606.228-.3668.1031-.127.2588-.2397.298-.4025.0118-.0538-.0047-.1113-.0447-.1511-.0973-.0938-.243-.1238-.3729-.1558-.3478-.0753-.7346-.1001-1.0589-.2494-.0701-.0333-.1027-.1048-.0944-.1769.0442-.2821.2774-.5153.376-.7795.0264-.0685.0436-.1693-.0386-.2091-.5258-.1895-1.1315-.3372-1.5986-.639-.3605-.2677.3241-.4139.513-.4891.1022-.0399.2521-.0785.3168-.1679.0177-.0269.0131-.0618-.0054-.0873-.06-.0728-.149-.1293-.2251-.1863-.4304-.3217-1.5903-.8113-1.3995-1.437.0473-.1657.1844-.2856.2917-.417.1031-.1323.1932-.2967.1574-.4658-.024-.1168-.1047-.2155-.1931-.2964-.2051-.1857-.4765-.3208-.6716-.5171-.1494-.1461-.275-.4043-.0599-.5529.1679-.1261.4183-.1372.5966-.2418.0928-.1256.0833-.2903.0391-.4312-.0918-.2867-.2797-.545-.4161-.8132-.0869-.179-.1967-.3997-.0916-.5916.0902-.0782.2167-.1006.3349-.106.0207-.0012.0415-.0017.0623-.0017.2681,0,.5471.0885.801.0885.016,0,.0318-.0004.0476-.0011.0327-.004.0709-.0171.0844-.0483.0049-.0113.0063-.0237.0059-.0359-.0038-.0489-.0143-.0995-.0301-.1461-.0848-.2513-.36-.3799-.5222-.5795-.0944-.1061-.1569-.2327-.2122-.36-.1414-.2513-.3345-.4887-.4611-.7476-.0309-.0696-.0681-.1446-.0589-.2218.0162-.0918.1051-.1153.1895-.1153.0118,0,.0235.0005.0349.0013.134.006.2697.0508.4045.0508.0113,0,.0226-.0003.034-.001.0475-.0042.0904-.0275.0954-.0759.0018-.0146.0013-.0311-.0011-.0458-.0101-.0571-.0207-.1181-.0374-.174-.1028-.3424-.282-.6886-.4075-1.0237-.0826-.2325-.1802-.4835-.135-.7319.0068-.0386.0257-.077.0638-.0955.0329-.0161.069-.0214.1056-.0214.0362,0,.073.0052.1076.0103.303.058.5919.1965.8911.2681.0585.0128.1196.0255.1802.0255.0169,0,.0338-.001.0506-.0032.0553-.007.0924-.0338.1177-.0801.0577-.0933.0612-.2068.0421-.311-.0282-.1479-.1028-.3181-.1615-.4586-.1064-.2995-.2258-.6107-.357-.9018-.0551-.1321-.1196-.2728-.1542-.4113-.0124-.0528-.0219-.1087-.0118-.1626.0096-.0607.0588-.1079.1196-.1254.0524-.0159.1075-.0211.163-.0211.0532,0,.1067.0048.1583.0096.2189.0209.4423.0835.6577.1227.0039.0002.0077.0004.0116.0004.0728,0,.1366-.0454.1746-.1024.1028-.1558.1065-.3503.1087-.5287.0068-.2325.0342-.4723.1104-.6942.0588-.1725.1426-.3487.1997-.5217.0735-.2182.1204-.4525.1516-.6794.0068-.0488.0226-.1005.0626-.1341.0289-.0244.0679-.0341.1061-.0341.0042,0,.0085,0,.0126.0003.0827.0048.1614.0385.2345.0735.1598.08.3101.1877.451.2945.1277.0975.2646.2127.3887.314.086.0623.1604.1422.2248.2244.0154.0187.0286.0405.043.0602.0851.1161.1605.2449.2652.3428.0203.0162.0446.0315.0719.0321.0007,0,.0013,0,.002,0,.0231,0,.0442-.0124.0599-.0276.0861-.0962.1219-.2503.153-.3713.0325-.1702-.0114-.4181-.0099-.59-.001-.125.0126-.2539.0565-.3724.0418-.1235.1363-.2241.1789-.3474.0945-.2449.095-.5144.1282-.7704.0154-.0828.0297-.2215.1392-.2244.0525.0028.1037.026.1522.0433.2939.1205.5856.2953.885.4041.0433.0127.1032.0358.1549.0358.021,0,.0407-.0038.0574-.0137.0215-.0152.0202-.0443.0214-.0673-.0123-.3891-.0793-.7951-.0851-1.1848-.0025-.1969-.0046-.4041.053-.5948.0115-.0345.0238-.077.0663-.0856.0092-.002.0185-.003.0278-.003.0291,0,.0583.0087.0854.0177.2288.0891.4444.2638.6559.3834.0878.051.1824.1052.2835.1272.0131.0023.0267.004.0402.004.0156,0,.0312-.0022.0456-.0081.0175-.007.0322-.0207.0413-.0366.0562-.1219.0942-.2627.1344-.3898.0948-.3112.1803-.6514.3427-.9384.0479-.0798.1051-.1599.1852-.2134.0106-.0066.0233-.0106.0361-.0106.0035,0,.0069.0003.0103.0009.0179.003.0341.0124.0482.0229.0585.0423.0964.1143.1379.1705.0804.1328.1762.2749.2747.3947.0071.0086.018.0137.0255.0221.0563.0624.1196.12.1911.1657.0869.062.1716.1365.247.2106.1349.1284.2578.285.4215.3818.042.0247.0912.0385.1401.0385.0388,0,.0773-.0087.112-.0277.0617-.0616.0927-.1456.1169-.2259.1263-.4554.0644-.9584.2578-1.3978.0389-.0776.0967-.1531.1814-.1892.0387-.0168.0801-.0237.1217-.0237.0465,0,.0934.0086.1375.0218.1283.0406.2862.1312.43.1312.0656,0,.1283-.0189.1839-.0701.2233-.2642.2687-.6313.3835-.9437.0461-.1248.101-.259.2142-.3427.0582-.0428.1309-.0618.2036-.0618.0176,0,.0352.0011.0526.0033.2103.0284.3975.144.5707.2543.2526.1636.4906.3836.7588.5278.016.0086.031.0195.0472.0275.0353.0139.0796.037.1203.037.0069,0,.0137-.0007.0204-.0022.0417-.0112.0616-.0521.0752-.0876.0834-.2955.0321-.6309.2018-.9029.1767-.3398.2758-.7403.464-1.0751.079-.1367.1733-.2745.3043-.3712.0275-.0182.0605-.0315.0943-.0315.0038,0,.0077.0002.0116.0005.0316.0026.0609.0167.0862.0341.1202.0919.2037.2379.3079.345.1223.1359.2917.2473.4857.251.0074.0001.0148.0002.0222.0002.0555,0,.1125-.004.1648-.0211.0759-.0278.1414-.0786.2012-.13.4923-.4662.8199-1.0734,1.2453-1.5912.0607-.0665.1222-.1494.2032-.1955.0143-.0078.0307-.0145.0473-.0145M32.8528,11.6146h-.0002c-.0663,0-.1787.031-.2369.0627-.1298.0738-.2138.1703-.2752.2408-.0046.005-.0408.0461-.0451.0514-.1673.2036-.3202.4202-.4732.6375-.2372.3369-.4612.6551-.7384.9175-.0389.0328-.0587.0432-.0648.0455-.1007-.0043-.1748-.049-.2412-.1229-.0419-.0435-.0703-.0809-.0994-.1181-.0665-.0848-.1494-.1903-.2624-.2767-.1031-.0716-.1968-.1062-.2944-.1143-.0041,0-.0081,0-.0121,0-.147,0-.2522.0337-.346.0959-.2143.1575-.3407.3511-.4286.5034-.1167.2076-.198.421-.2766.6273-.0604.1586-.1199.3172-.1958.4632-.1177.1867-.1553.406-.1776.5982-.0498-.0362-.1002-.0743-.1516-.1132-.1084-.0819-.2164-.1631-.3267-.2346-.1828-.1164-.4295-.2734-.7334-.3145-.0379-.0047-.0718-.0068-.1058-.0068-.1633,0-.315.048-.4386.1389-.2166.1601-.3043.3974-.3515.5248-.0368.1003-.0674.2049-.0977.3103-.0457.1586-.0894.3103-.1564.4275-.0318-.0114-.0683-.0263-.0949-.0372-.0546-.0222-.1074-.0433-.1566-.0588-.0909-.0273-.1755-.0403-.257-.0403-.099,0-.193.0189-.2793.0563-.1575.067-.2892.1972-.3786.3755-.1454.329-.1771.6536-.205.94-.0121.124-.0238.2435-.0428.3561-.0154-.0157-.0309-.0318-.0466-.0482-.0416-.0432-.0831-.086-.1255-.1264-.0854-.084-.1867-.1724-.2902-.2462-.0521-.0339-.0892-.0666-.1268-.1083-.0086-.0096-.0207-.0213-.0333-.0326-.0705-.0885-.1472-.2003-.2223-.3242l-.042-.0619c-.0406-.0604-.1021-.1517-.2027-.2245-.063-.0472-.1373-.0798-.2155-.0928-.0216-.0036-.0537-.0063-.0756-.0063-.0739,0-.1824.0312-.2452.0702-.1615.1075-.2532.2412-.3164.3465-.1636.2888-.256.6015-.3374.8774l-.0446.1495-.0146.0474c-.055-.0331-.1084-.0682-.1624-.1035-.1475-.0964-.3146-.2057-.5002-.278-.0718-.0244-.1438-.0448-.2294-.0448-.0292,0-.0861.0062-.1146.0126-.1135.0229-.2751.1028-.3548.3438-.0804.2653-.0771.5223-.0745.7289.0033.2174.024.4387.0452.6596.0015.0154.003.0309.0044.0463-.0406-.0198-.0809-.0397-.1211-.0596-.1384-.0683-.2764-.136-.4147-.1927-.0938-.0353-.1776-.0669-.2815-.0724-.1902.0037-.4682.0782-.5473.5301-.0158.1107-.0228.1829-.0297.2553-.0163.1711-.0317.3327-.0819.4628-.012.0339-.0362.0735-.0575.1085-.0409.067-.0918.1505-.127.2545-.0525.1412-.079.3092-.0774.503-.0005.0484.0025.1069.0068.1693-.0598-.0626-.1222-.1176-.1872-.1646l-.0749-.0625c-.1008-.083-.2059-.1694-.3056-.2455-.1554-.1177-.3243-.2389-.5142-.3339-.1113-.0534-.2391-.106-.389-.1148-.0019,0-.0038,0-.0056,0-.169,0-.2959.0453-.3924.127-.1093.092-.1767.2207-.1993.382-.032.2334-.0773.4375-.1346.6079-.0278.0841-.0616.1666-.0951.249-.0369.0908-.0735.1815-.1041.2713-.0792.2309-.1223.4963-.1314.8108-.0009.0711-.0019.1497-.0108.2144-.01-.0022-.02-.0043-.03-.0065-.1586-.0344-.3191-.0682-.4773-.0833-.0648-.006-.1306-.0114-.196-.0114-.1025,0-.1935.0125-.2782.0382-.2057.0592-.3634.2339-.3964.4433-.0221.1173-.0024.2307.0174.3152.0378.1515.0961.2888.1475.41l.0268.0634c.1164.2588.2292.5439.3493.8818.0025.007.0208.0513.0237.0582.0282.0671.0605.1443.0856.2156-.0778-.0237-.1571-.0514-.2365-.0789-.1722-.0596-.3504-.1212-.5445-.1583-.0697-.0107-.1264-.0175-.1822-.0175-.102,0-.1962.0208-.28.0618-.1473.0715-.2498.2112-.2802.3827-.0614.3375.0493.6473.1383.8962.0677.1828.1283.3232.1893.4645.0465.1075.0916.2119.132.3139-.0013,0-.0026-.0001-.0039-.0002-.0059-.0003-.0468-.0016-.0527-.0016-.3705,0-.5441.2386-.5803.443-.0248.2025.041.3494.0804.4372.0966.1995.1993.3534.2986.5023.0649.0973.13.1942.186.2937.0455.1099.1284.2796.2616.4292.0188.0233.0393.0461.0607.0683-.0495-.0041-.0999-.0065-.1507-.0065l-.0844.0023c-.2397.0109-.4283.0771-.5728.2023-.0357.0309-.0655.0679-.0882.1093-.2021.3692-.0258.732.0795.9488.0557.11.111.2056.1667.3015.0946.1629.1839.3168.2317.4659.002.0064.0037.0125.0052.0183-.0166.0051-.0336.0101-.0504.0151-.1344.0397-.3016.0892-.4509.2013-.1539.1059-.2548.2757-.2712.4687-.0197.2311.0895.4873.292.6852.1275.1283.2729.2287.4135.3257.0936.0646.1877.1281.2691.2018.0566.0519.0696.0805.0712.0844-.0012.0002-.008.0446-.0822.1397l-.0626.0717c-.1055.1187-.2367.2665-.2978.4803-.2363.7747.6291,1.2987,1.2017,1.6454.0323.0196.064.0387.0946.0573-.2663.0937-.5569.2354-.6079.5446-.0196.1188-.0123.3479.2569.5478.4127.2677.8632.4152,1.2988.5579.0329.0108.0657.0215.0984.0323-.0097.016-.0196.0322-.0296.0485-.1048.171-.2235.3647-.2618.6089-.0302.2597.0977.4931.3162.5968.2804.1291.5809.1795.8461.224.089.0149.1774.0296.2636.0473-.0242.0261-.0475.0523-.0691.0789l-.0357.0429c-.1021.1215-.242.2879-.2765.5142-.0145.1563.0252.2831.1088.3823.1501.1781.3798.1973.4553.2036.1081.0078.2137.0094.3195.0108.1313.0017.2632.0023.3909.0213l.0748.0157c.5166.0933.8895.2483,1.1399.4738.0951.0821.1731.1939.2557.3122.003.0043.032.0456.0351.0498.1049.1383.2326.2729.3695.3894.4757.4012,1.0377.6086,1.5811.8091.35.1292.6806.2512.9769.4187.0692.0394.138.0844.2043.1323.0706.0512.1385.106.1994.1664.0374.0339.0692.0764.1021.1739.0562.1674.0449.3812-.0349.653-.0742.2777-.2337.6167-.391.941-.0262.054-.0398.1132-.0398.1732v.5993c0,.1233.0573.2397.1552.3148.0701.0538.1552.0821.2417.0821.0342,0,.0686-.0044.1024-.0135.2187-.0584.4446-.0981.6682-.1379l.2871-.0525c.0549-.0119.138-.0302.2232-.0758.0822-.0412.205-.136.272-.327.032-.094.0608-.1868.0897-.2803.1066-.3448.2074-.6704.4257-.887.762-.6562,1.7965-.863,2.7052-.9764.4142-.0516.8312-.0861,1.2382-.1198l.3385-.0284c.5339-.0468,1.1045-.1062,1.6631-.2236.2205-.0549.4161-.138.6053-.2184.0675-.0287.1339-.0569.1986-.0825l.0521-.0192c.046-.0151.109-.0358.1733-.0727.1203-.0738.2048-.1762.2543-.3021.0493-.119.0576-.2398.0643-.3368.0001-.002.0003-.0041.0004-.0062l.0409.0059c.1231.0146.2464.0389.3699.063.2293.0446.4664.0907.7212.0907.0059,0,.0442-.0004.0501-.0007.1207-.0022.379-.0066.5329-.2438.099-.156.089-.3151.0857-.3674-.004-.0638-.0156-.1275-.0291-.1912.0749-.0169.1632-.028.2549-.0394.1289-.0161.2567-.0332.3745-.0637.1107-.0284.2745-.0804.4113-.2027.3374-.3224.205-.7301.1414-.926-.0112-.0344-.0229-.0678-.0309-.0999l.0487-.011c.6838-.1537,1.3909-.3127,2.0279-.6548.1326-.0711.2623-.1477.3858-.2354.0413-.0293.0766-.0663.104-.1089.0641-.0996.0989-.2174.1036-.3502.0032-.1349-.0189-.2496-.0383-.3509-.0061-.0317-.0126-.0634-.0174-.0951.0685-.0259.1699-.047.2688-.0674.0719-.0149.1429-.0298.2101-.0477.1657-.0439.3903-.1035.5629-.2872.1329-.1423.1937-.3375.1678-.5364-.0066-.0508-.023-.0999-.0483-.1445-.0496-.0875.0126-.1852.4908-.4765.0618-.0376.1206-.0735.1735-.108.146-.0948.304-.1976.4346-.3504.1153-.1362.1786-.2895.1841-.4447.0055-.123-.0252-.3169-.2036-.5207-.136-.147-.2653-.2469-.403-.3136-.0819-.0463-.1802-.1014-.25-.1539.1463-.0967.336-.1825.5201-.2657.0869-.0393.1725-.0781.2539-.1177.0885-.0422.2085-.0994.3038-.2038.073-.0721.1401-.1788.192-.3125.0207-.0566.0367-.1066.0527-.157.0377-.1185.0733-.2304.1263-.2801.0295-.0277.0634-.0511.0966-.0753.0923-.0672.2071-.1508.2988-.2834.1146-.1543.1573-.3455.1129-.5281-.0871-.3581-.4653-.5434-.6912-.6542-.0754-.0387-.1463-.0707-.2196-.1034-.0608-.0272-.1331-.0594-.1963-.0926.1182-.0955.2582-.1851.4058-.2796.1638-.1049.327-.2103.4721-.3272.1941-.153.3338-.3179.424-.5014.0201-.0293.0942-.1085.1659-.1851.0921-.0984.1873-.2001.2645-.3196.1477-.2352.1289-.495-.0404-.6669-.0584-.0676-.1227-.1054-.157-.1255-.0608-.0327-.1203-.06-.1792-.0845.0518-.0374.1034-.0783.1531-.124.2601-.2281.4172-.5013.4472-.7837.0034-.0326.0029-.0655-.0018-.098-.0332-.2329-.203-.3649-.2846-.4283-.0682-.0516-.1118-.081-.1557-.1104-.0248-.0166-.05-.033-.0743-.0501.0425-.1194.1119-.2486.1853-.3854.1046-.1949.2128-.3964.2765-.6281.0208-.0961.066-.3139-.078-.5131-.0812-.1104-.2025-.1841-.3437-.2104-.5199-.096-1.0806-.1446-1.6674-.1446-.1311,0-.2619.0024-.3925.007-.0576.0019-.1171.0067-.1771.0118-.0022.0002-.0043.0004-.0065.0005.0125-.0275.0256-.0548.0379-.0807l.0484-.1034c.1918-.3905.2962-.783.3047-1.1549.0018-.0602.0047-.1531-.0314-.2532-.086-.2577-.3221-.3983-.6987-.409h-.0116c-.1147,0-.2095.0061-.2979.0145.0089-.0112.0178-.0225.0267-.0338.1242-.1566.2526-.3186.3568-.4953.0824-.1436.165-.3136.17-.5163.0022-.132-.032-.2558-.0989-.3611-.0274-.0589-.1034-.1363-.1944-.1835-.0581-.0324-.1346-.0563-.2239-.0678-.0586-.0063-.1087-.0085-.1592-.0085-.0489,0-.0983.0022-.1476.0052.0099-.0332.0206-.067.0314-.1013.076-.2415.1705-.542.0949-.8733-.0272-.097-.0659-.2097-.1507-.3122-.0811-.0908-.1752-.1482-.2827-.1783-.0661-.0184-.135-.0272-.2113-.0272-.0352,0-.0705.002-.1049.0049-.1142.0112-.2248.033-.3356.0556-.0489.0099-.0977.0204-.1465.0289-.0228-.1574-.0537-.3487-.1554-.5294-.1069-.1826-.2903-.2923-.4822-.2923-.2009.0087-.3322.0953-.3754.1238-.0398.0273-.0764.0558-.1104.0848.0103-.0704.0216-.1417.033-.2141.0354-.2247.0701-.4488.0849-.6689.0014-.0202.0012-.0405-.0006-.0606-.0187-.2161-.1766-.4616-.5637-.5029-.072-.0101-.1591-.0118-.2466-.0123-.0086,0-.0174-.0001-.0262-.0002.0049-.0436.0101-.0889.0153-.1343.0418-.367.0851-.7466.0266-1.1404-.0281-.1344-.0832-.39-.3423-.5144-.0813-.0372-.164-.0544-.2529-.0544-.1854.014-.3175.0514-.4341.0844-.0611.0173-.1217.035-.1808.0461-.1759.0391-.3481.0576-.5247.0576-.142,0-.2856-.0118-.4292-.0352.0004-.0068.0008-.0135.0012-.0201.017-.1949.0517-.4015.0861-.6087.0479-.2886.0974-.5871.108-.8889.0012-.1852.0025-.4168-.1232-.6362-.0874-.1465-.224-.2479-.3786-.2847-.0477-.0116-.0994-.0176-.1519-.0176-.0878,0-.1784.0167-.2768.051-.0596.0229-.1107.0461-.1599.0695-.0009-.0253-.0018-.0504-.0026-.0752l-.008-.2007c-.0151-.3657-.0381-.7953-.1169-1.213-.0482-.2432-.1173-.5231-.2693-.7823-.0803-.1278-.1785-.2842-.3748-.3236-.0256-.0051-.0626-.0088-.0888-.0088h0Z\"/>\n</svg>', 'Florian Kynman', 'floriank2@gmail.com', 1,null, '2025-03-08 14:18:31', '2025-03-08 14:18:31');



update organizers set club_uid = 'e990365b-00a8-4615-a648-c7b6797ce13a' where id = 1;
update organizers set club_uid = 'ee3fc77d-95bf-4fec-9db6-7f8480af7550' where id = 2;


update track set organizer_id = 1 where track_uid = 'bf31d141-32c3-4cc9-b497-36d82b060221';

